timestamp,value
2023-05-10 00:00:00,248.0
2023-05-10 00:05:00,242.0
2023-05-10 00:10:00,236.0
2023-05-10 00:15:00,232.0
2023-05-10 00:20:00,225.0
2023-05-10 00:25:00,224.0
2023-05-10 00:30:00,218.0
2023-05-10 00:35:00,215.0
2023-05-10 00:40:00,216.0
2023-05-10 00:45:00,213.0
2023-05-10 00:50:00,212.0
2023-05-10 00:55:00,213.0
2023-05-10 01:00:00,206.0
2023-05-10 01:05:00,202.0
2023-05-10 01:10:00,209.0
2023-05-10 01:15:00,205.0
2023-05-10 01:20:00,200.0
2023-05-10 01:25:00,202.0
2023-05-10 01:30:00,207.0
2023-05-10 01:35:00,206.0
2023-05-10 01:40:00,216.0
2023-05-10 01:45:00,208.0
2023-05-10 01:50:00,213.0
2023-05-10 01:55:00,211.0
2023-05-10 02:00:00,222.0
2023-05-10 02:05:00,221.0
2023-05-10 02:10:00,222.0
2023-05-10 02:15:00,228.0
2023-05-10 02:20:00,232.0
2023-05-10 02:25:00,233.0
2023-05-10 02:30:00,236.0
2023-05-10 02:35:00,240.0
2023-05-10 02:40:00,243.0
2023-05-10 02:45:00,249.0
2023-05-10 02:50:00,254.0
2023-05-10 02:55:00,257.0
2023-05-10 03:00:00,262.0
2023-05-10 03:05:00,266.0
2023-05-10 03:10:00,270.0
2023-05-10 03:15:00,274.0
2023-05-10 03:20:00,279.0
2023-05-10 03:25:00,284.0
2023-05-10 03:30:00,287.0
2023-05-10 03:35:00,294.0
2023-05-10 03:40:00,295.0
2023-05-10 03:45:00,298.0
2023-05-10 03:50:00,307.0
2023-05-10 03:55:00,311.0
2023-05-10 04:00:00,309.0
2023-05-10 04:05:00,313.0
2023-05-10 04:10:00,317.0
2023-05-10 04:15:00,323.0
2023-05-10 04:20:00,323.0
2023-05-10 04:25:00,333.0
2023-05-10 04:30:00,332.0
2023-05-10 04:35:00,329.0
2023-05-10 04:40:00,337.0
2023-05-10 04:45:00,333.0
2023-05-10 04:50:00,337.0
2023-05-10 04:55:00,341.0
2023-05-10 05:00:00,341.0
2023-05-10 05:05:00,344.0
2023-05-10 05:10:00,345.0
2023-05-10 05:15:00,338.0
2023-05-10 05:20:00,347.0
2023-05-10 05:25:00,335.0
2023-05-10 05:30:00,338.0
2023-05-10 05:35:00,334.0
2023-05-10 05:40:00,334.0
2023-05-10 05:45:00,330.0
2023-05-10 05:50:00,337.0
2023-05-10 05:55:00,336.0
2023-05-10 06:00:00,330.0
2023-05-10 06:05:00,328.0
2023-05-10 06:10:00,327.0
2023-05-10 06:15:00,323.0
2023-05-10 06:20:00,319.0
2023-05-10 06:25:00,318.0
2023-05-10 06:30:00,317.0
2023-05-10 06:35:00,311.0
2023-05-10 06:40:00,307.0
2023-05-10 06:45:00,302.0
2023-05-10 06:50:00,298.0
2023-05-10 06:55:00,299.0
2023-05-10 07:00:00,292.0
2023-05-10 07:05:00,289.0
2023-05-10 07:10:00,285.0
2023-05-10 07:15:00,282.0
2023-05-10 07:20:00,278.0
2023-05-10 07:25:00,275.0
2023-05-10 07:30:00,271.0
2023-05-10 07:35:00,267.0
2023-05-10 07:40:00,263.0
2023-05-10 07:45:00,260.0
2023-05-10 07:50:00,256.0
2023-05-10 07:55:00,253.0
2023-05-10 08:00:00,250.0
2023-05-10 08:05:00,247.0
2023-05-10 08:10:00,244.0
2023-05-10 08:15:00,240.0
2023-05-10 08:20:00,239.0
2023-05-10 08:25:00,236.0
2023-05-10 08:30:00,234.0
2023-05-10 08:35:00,230.0
2023-05-10 08:40:00,231.0
2023-05-10 08:45:00,227.0
2023-05-10 08:50:00,228.0
2023-05-10 08:55:00,228.0
2023-05-10 09:00:00,224.0
2023-05-10 09:05:00,221.0
2023-05-10 09:10:00,220.0
2023-05-10 09:15:00,223.0
2023-05-10 09:20:00,222.0
2023-05-10 09:25:00,222.0
2023-05-10 09:30:00,221.0
2023-05-10 09:35:00,223.0
2023-05-10 09:40:00,222.0
2023-05-10 09:45:00,226.0
2023-05-10 09:50:00,224.0
2023-05-10 09:55:00,227.0
2023-05-10 10:00:00,223.0
2023-05-10 10:05:00,225.0
2023-05-10 10:10:00,229.0
2023-05-10 10:15:00,233.0
2023-05-10 10:20:00,235.0
2023-05-10 10:25:00,237.0
2023-05-10 10:30:00,238.0
2023-05-10 10:35:00,239.0
2023-05-10 10:40:00,239.0
2023-05-10 10:45:00,243.0
2023-05-10 10:50:00,243.0
2023-05-10 10:55:00,246.0
2023-05-10 11:00:00,249.0
2023-05-10 11:05:00,250.0
2023-05-10 11:10:00,254.0
2023-05-10 11:15:00,256.0
2023-05-10 11:20:00,258.0
2023-05-10 11:25:00,260.0
2023-05-10 11:30:00,262.0
2023-05-10 11:35:00,265.0
2023-05-10 11:40:00,267.0
2023-05-10 11:45:00,268.0
2023-05-10 11:50:00,271.0
2023-05-10 11:55:00,272.0
2023-05-10 12:00:00,274.0
2023-05-10 12:05:00,276.0
2023-05-10 12:10:00,277.0
2023-05-10 12:15:00,278.0
2023-05-10 12:20:00,279.0
2023-05-10 12:25:00,281.0
2023-05-10 12:30:00,281.0
2023-05-10 12:35:00,282.0
2023-05-10 12:40:00,284.0
2023-05-10 12:45:00,284.0
2023-05-10 12:50:00,284.0
2023-05-10 12:55:00,284.0
2023-05-10 13:00:00,285.0
2023-05-10 13:05:00,284.0
2023-05-10 13:10:00,285.0
2023-05-10 13:15:00,285.0
2023-05-10 13:20:00,283.0
2023-05-10 13:25:00,284.0
2023-05-10 13:30:00,285.0
2023-05-10 13:35:00,284.0
2023-05-10 13:40:00,281.0
2023-05-10 13:45:00,282.0
2023-05-10 13:50:00,281.0
2023-05-10 13:55:00,279.0
2023-05-10 14:00:00,278.0
2023-05-10 14:05:00,278.0
2023-05-10 14:10:00,277.0
2023-05-10 14:15:00,275.0
2023-05-10 14:20:00,274.0
2023-05-10 14:25:00,273.0
2023-05-10 14:30:00,273.0
2023-05-10 14:35:00,272.0
2023-05-10 14:40:00,271.0
2023-05-10 14:45:00,270.0
2023-05-10 14:50:00,269.0
2023-05-10 14:55:00,268.0
2023-05-10 15:00:00,268.0
2023-05-10 15:05:00,267.0
2023-05-10 15:10:00,267.0
2023-05-10 15:15:00,266.0
2023-05-10 15:20:00,266.0
2023-05-10 15:25:00,266.0
2023-05-10 15:30:00,267.0
2023-05-10 15:35:00,267.0
2023-05-10 15:40:00,268.0
2023-05-10 15:45:00,268.0
2023-05-10 15:50:00,269.0
2023-05-10 15:55:00,270.0
2023-05-10 16:00:00,272.0
2023-05-10 16:05:00,274.0
2023-05-10 16:10:00,275.0
2023-05-10 16:15:00,277.0
2023-05-10 16:20:00,279.0
2023-05-10 16:25:00,281.0
2023-05-10 16:30:00,284.0
2023-05-10 16:35:00,288.0
2023-05-10 16:40:00,291.0
2023-05-10 16:45:00,293.0
2023-05-10 16:50:00,300.0
2023-05-10 16:55:00,302.0
2023-05-10 17:00:00,304.0
2023-05-10 17:05:00,312.0
2023-05-10 17:10:00,313.0
2023-05-10 17:15:00,316.0
2023-05-10 17:20:00,322.0
2023-05-10 17:25:00,323.0
2023-05-10 17:30:00,337.0
2023-05-10 17:35:00,338.0
2023-05-10 17:40:00,347.0
2023-05-10 17:45:00,352.0
2023-05-10 17:50:00,353.0
2023-05-10 17:55:00,367.0
2023-05-10 18:00:00,361.0
2023-05-10 18:05:00,367.0
2023-05-10 18:10:00,367.0
2023-05-10 18:15:00,391.0
2023-05-10 18:20:00,390.0
2023-05-10 18:25:00,398.0
2023-05-10 18:30:00,399.0
2023-05-10 18:35:00,403.0
2023-05-10 18:40:00,409.0
2023-05-10 18:45:00,417.0
2023-05-10 18:50:00,423.0
2023-05-10 18:55:00,435.0
2023-05-10 19:00:00,441.0
2023-05-10 19:05:00,445.0
2023-05-10 19:10:00,460.0
2023-05-10 19:15:00,433.0
2023-05-10 19:20:00,449.0
2023-05-10 19:25:00,454.0
2023-05-10 19:30:00,445.0
2023-05-10 19:35:00,485.0
2023-05-10 19:40:00,449.0
2023-05-10 19:45:00,453.0
2023-05-10 19:50:00,467.0
2023-05-10 19:55:00,469.0
2023-05-10 20:00:00,477.0
2023-05-10 20:05:00,471.0
2023-05-10 20:10:00,471.0
2023-05-10 20:15:00,452.0
2023-05-10 20:20:00,488.0
2023-05-10 20:25:00,485.0
2023-05-10 20:30:00,482.0
2023-05-10 20:35:00,462.0
2023-05-10 20:40:00,476.0
2023-05-10 20:45:00,478.0
2023-05-10 20:50:00,471.0
2023-05-10 20:55:00,491.0
2023-05-10 21:00:00,460.0
2023-05-10 21:05:00,456.0
2023-05-10 21:10:00,471.0
2023-05-10 21:15:00,454.0
2023-05-10 21:20:00,454.0
2023-05-10 21:25:00,442.0
2023-05-10 21:30:00,441.0
2023-05-10 21:35:00,446.0
2023-05-10 21:40:00,425.0
2023-05-10 21:45:00,427.0
2023-05-10 21:50:00,426.0
2023-05-10 21:55:00,425.0
2023-05-10 22:00:00,407.0
2023-05-10 22:05:00,386.0
2023-05-10 22:10:00,396.0
2023-05-10 22:15:00,381.0
2023-05-10 22:20:00,382.0
2023-05-10 22:25:00,367.0
2023-05-10 22:30:00,364.0
2023-05-10 22:35:00,358.0
2023-05-10 22:40:00,352.0
2023-05-10 22:45:00,341.0
2023-05-10 22:50:00,343.0
2023-05-10 22:55:00,330.0
2023-05-10 23:00:00,325.0
2023-05-10 23:05:00,315.0
2023-05-10 23:10:00,306.0
2023-05-10 23:15:00,300.0
2023-05-10 23:20:00,294.0
2023-05-10 23:25:00,287.0
2023-05-10 23:30:00,281.0
2023-05-10 23:35:00,274.0
2023-05-10 23:40:00,268.0
2023-05-10 23:45:00,262.0
2023-05-10 23:50:00,257.0
2023-05-10 23:55:00,251.0
2023-05-11 00:00:00,247.0
2023-05-11 00:05:00,242.0
2023-05-11 00:10:00,235.0
2023-05-11 00:15:00,229.0
2023-05-11 00:20:00,228.0
2023-05-11 00:25:00,224.0
2023-05-11 00:30:00,219.0
2023-05-11 00:35:00,219.0
2023-05-11 00:40:00,218.0
2023-05-11 00:45:00,215.0
2023-05-11 00:50:00,209.0
2023-05-11 00:55:00,211.0
2023-05-11 01:00:00,207.0
2023-05-11 01:05:00,201.0
2023-05-11 01:10:00,202.0
2023-05-11 01:15:00,205.0
2023-05-11 01:20:00,203.0
2023-05-11 01:25:00,203.0
2023-05-11 01:30:00,208.0
2023-05-11 01:35:00,214.0
2023-05-11 01:40:00,212.0
2023-05-11 01:45:00,213.0
2023-05-11 01:50:00,211.0
2023-05-11 01:55:00,216.0
2023-05-11 02:00:00,221.0
2023-05-11 02:05:00,219.0
2023-05-11 02:10:00,221.0
2023-05-11 02:15:00,227.0
2023-05-11 02:20:00,230.0
2023-05-11 02:25:00,231.0
2023-05-11 02:30:00,233.0
2023-05-11 02:35:00,242.0
2023-05-11 02:40:00,245.0
2023-05-11 02:45:00,249.0
2023-05-11 02:50:00,253.0
2023-05-11 02:55:00,257.0
2023-05-11 03:00:00,261.0
2023-05-11 03:05:00,266.0
2023-05-11 03:10:00,270.0
2023-05-11 03:15:00,274.0
2023-05-11 03:20:00,280.0
2023-05-11 03:25:00,284.0
2023-05-11 03:30:00,289.0
2023-05-11 03:35:00,292.0
2023-05-11 03:40:00,297.0
2023-05-11 03:45:00,301.0
2023-05-11 03:50:00,304.0
2023-05-11 03:55:00,302.0
2023-05-11 04:00:00,315.0
2023-05-11 04:05:00,316.0
2023-05-11 04:10:00,315.0
2023-05-11 04:15:00,321.0
2023-05-11 04:20:00,326.0
2023-05-11 04:25:00,324.0
2023-05-11 04:30:00,329.0
2023-05-11 04:35:00,332.0
2023-05-11 04:40:00,338.0
2023-05-11 04:45:00,339.0
2023-05-11 04:50:00,339.0
2023-05-11 04:55:00,337.0
2023-05-11 05:00:00,345.0
2023-05-11 05:05:00,339.0
2023-05-11 05:10:00,335.0
2023-05-11 05:15:00,338.0
2023-05-11 05:20:00,339.0
2023-05-11 05:25:00,343.0
2023-05-11 05:30:00,338.0
2023-05-11 05:35:00,335.0
2023-05-11 05:40:00,330.0
2023-05-11 05:45:00,335.0
2023-05-11 05:50:00,331.0
2023-05-11 05:55:00,330.0
2023-05-11 06:00:00,330.0
2023-05-11 06:05:00,328.0
2023-05-11 06:10:00,325.0
2023-05-11 06:15:00,321.0
2023-05-11 06:20:00,319.0
2023-05-11 06:25:00,314.0
2023-05-11 06:30:00,314.0
2023-05-11 06:35:00,309.0
2023-05-11 06:40:00,309.0
2023-05-11 06:45:00,305.0
2023-05-11 06:50:00,298.0
2023-05-11 06:55:00,297.0
2023-05-11 07:00:00,292.0
2023-05-11 07:05:00,291.0
2023-05-11 07:10:00,286.0
2023-05-11 07:15:00,281.0
2023-05-11 07:20:00,278.0
2023-05-11 07:25:00,274.0
2023-05-11 07:30:00,271.0
2023-05-11 07:35:00,267.0
2023-05-11 07:40:00,263.0
2023-05-11 07:45:00,260.0
2023-05-11 07:50:00,257.0
2023-05-11 07:55:00,253.0
2023-05-11 08:00:00,251.0
2023-05-11 08:05:00,246.0
2023-05-11 08:10:00,244.0
2023-05-11 08:15:00,239.0
2023-05-11 08:20:00,239.0
2023-05-11 08:25:00,235.0
2023-05-11 08:30:00,233.0
2023-05-11 08:35:00,232.0
2023-05-11 08:40:00,230.0
2023-05-11 08:45:00,231.0
2023-05-11 08:50:00,229.0
2023-05-11 08:55:00,226.0
2023-05-11 09:00:00,223.0
2023-05-11 09:05:00,223.0
2023-05-11 09:10:00,222.0
2023-05-11 09:15:00,217.0
2023-05-11 09:20:00,219.0
2023-05-11 09:25:00,226.0
2023-05-11 09:30:00,219.0
2023-05-11 09:35:00,228.0
2023-05-11 09:40:00,221.0
2023-05-11 09:45:00,223.0
2023-05-11 09:50:00,221.0
2023-05-11 09:55:00,226.0
2023-05-11 10:00:00,224.0
2023-05-11 10:05:00,228.0
2023-05-11 10:10:00,226.0
2023-05-11 10:15:00,229.0
2023-05-11 10:20:00,232.0
2023-05-11 10:25:00,236.0
2023-05-11 10:30:00,236.0
2023-05-11 10:35:00,237.0
2023-05-11 10:40:00,240.0
2023-05-11 10:45:00,242.0
2023-05-11 10:50:00,244.0
2023-05-11 10:55:00,247.0
2023-05-11 11:00:00,248.0
2023-05-11 11:05:00,251.0
2023-05-11 11:10:00,254.0
2023-05-11 11:15:00,256.0
2023-05-11 11:20:00,258.0
2023-05-11 11:25:00,260.0
2023-05-11 11:30:00,263.0
2023-05-11 11:35:00,264.0
2023-05-11 11:40:00,267.0
2023-05-11 11:45:00,268.0
2023-05-11 11:50:00,270.0
2023-05-11 11:55:00,272.0
2023-05-11 12:00:00,274.0
2023-05-11 12:05:00,275.0
2023-05-11 12:10:00,277.0
2023-05-11 12:15:00,279.0
2023-05-11 12:20:00,281.0
2023-05-11 12:25:00,279.0
2023-05-11 12:30:00,281.0
2023-05-11 12:35:00,283.0
2023-05-11 12:40:00,283.0
2023-05-11 12:45:00,284.0
2023-05-11 12:50:00,284.0
2023-05-11 12:55:00,284.0
2023-05-11 13:00:00,286.0
2023-05-11 13:05:00,284.0
2023-05-11 13:10:00,286.0
2023-05-11 13:15:00,284.0
2023-05-11 13:20:00,285.0
2023-05-11 13:25:00,286.0
2023-05-11 13:30:00,284.0
2023-05-11 13:35:00,282.0
2023-05-11 13:40:00,283.0
2023-05-11 13:45:00,282.0
2023-05-11 13:50:00,280.0
2023-05-11 13:55:00,280.0
2023-05-11 14:00:00,278.0
2023-05-11 14:05:00,277.0
2023-05-11 14:10:00,277.0
2023-05-11 14:15:00,276.0
2023-05-11 14:20:00,274.0
2023-05-11 14:25:00,273.0
2023-05-11 14:30:00,273.0
2023-05-11 14:35:00,272.0
2023-05-11 14:40:00,271.0
2023-05-11 14:45:00,270.0
2023-05-11 14:50:00,269.0
2023-05-11 14:55:00,268.0
2023-05-11 15:00:00,268.0
2023-05-11 15:05:00,267.0
2023-05-11 15:10:00,267.0
2023-05-11 15:15:00,266.0
2023-05-11 15:20:00,266.0
2023-05-11 15:25:00,266.0
2023-05-11 15:30:00,267.0
2023-05-11 15:35:00,267.0
2023-05-11 15:40:00,267.0
2023-05-11 15:45:00,268.0
2023-05-11 15:50:00,269.0
2023-05-11 15:55:00,270.0
2023-05-11 16:00:00,272.0
2023-05-11 16:05:00,273.0
2023-05-11 16:10:00,275.0
2023-05-11 16:15:00,278.0
2023-05-11 16:20:00,280.0
2023-05-11 16:25:00,282.0
2023-05-11 16:30:00,285.0
2023-05-11 16:35:00,288.0
2023-05-11 16:40:00,288.0
2023-05-11 16:45:00,293.0
2023-05-11 16:50:00,295.0
2023-05-11 16:55:00,304.0
2023-05-11 17:00:00,305.0
2023-05-11 17:05:00,309.0
2023-05-11 17:10:00,319.0
2023-05-11 17:15:00,319.0
2023-05-11 17:20:00,321.0
2023-05-11 17:25:00,329.0
2023-05-11 17:30:00,329.0
2023-05-11 17:35:00,336.0
2023-05-11 17:40:00,343.0
2023-05-11 17:45:00,346.0
2023-05-11 17:50:00,350.0
2023-05-11 17:55:00,355.0
2023-05-11 18:00:00,359.0
2023-05-11 18:05:00,375.0
2023-05-11 18:10:00,382.0
2023-05-11 18:15:00,373.0
2023-05-11 18:20:00,388.0
2023-05-11 18:25:00,388.0
2023-05-11 18:30:00,397.0
2023-05-11 18:35:00,410.0
2023-05-11 18:40:00,414.0
2023-05-11 18:45:00,408.0
2023-05-11 18:50:00,417.0
2023-05-11 18:55:00,416.0
2023-05-11 19:00:00,428.0
2023-05-11 19:05:00,451.0
2023-05-11 19:10:00,445.0
2023-05-11 19:15:00,437.0
2023-05-11 19:20:00,444.0
2023-05-11 19:25:00,445.0
2023-05-11 19:30:00,462.0
2023-05-11 19:35:00,460.0
2023-05-11 19:40:00,449.0
2023-05-11 19:45:00,461.0
2023-05-11 19:50:00,468.0
2023-05-11 19:55:00,459.0
2023-05-11 20:00:00,457.0
2023-05-11 20:05:00,477.0
2023-05-11 20:10:00,455.0
2023-05-11 20:15:00,478.0
2023-05-11 20:20:00,483.0
2023-05-11 20:25:00,480.0
2023-05-11 20:30:00,476.0
2023-05-11 20:35:00,452.0
2023-05-11 20:40:00,473.0
2023-05-11 20:45:00,480.0
2023-05-11 20:50:00,455.0
2023-05-11 20:55:00,463.0
2023-05-11 21:00:00,454.0
2023-05-11 21:05:00,449.0
2023-05-11 21:10:00,464.0
2023-05-11 21:15:00,452.0
2023-05-11 21:20:00,440.0
2023-05-11 21:25:00,436.0
2023-05-11 21:30:00,425.0
2023-05-11 21:35:00,427.0
2023-05-11 21:40:00,434.0
2023-05-11 21:45:00,426.0
2023-05-11 21:50:00,413.0
2023-05-11 21:55:00,413.0
2023-05-11 22:00:00,398.0
2023-05-11 22:05:00,404.0
2023-05-11 22:10:00,386.0
2023-05-11 22:15:00,393.0
2023-05-11 22:20:00,374.0
2023-05-11 22:25:00,361.0
2023-05-11 22:30:00,365.0
2023-05-11 22:35:00,360.0
2023-05-11 22:40:00,351.0
2023-05-11 22:45:00,346.0
2023-05-11 22:50:00,345.0
2023-05-11 22:55:00,334.0
2023-05-11 23:00:00,320.0
2023-05-11 23:05:00,313.0
2023-05-11 23:10:00,308.0
2023-05-11 23:15:00,300.0
2023-05-11 23:20:00,293.0
2023-05-11 23:25:00,288.0
2023-05-11 23:30:00,281.0
2023-05-11 23:35:00,274.0
2023-05-11 23:40:00,268.0
2023-05-11 23:45:00,262.0
2023-05-11 23:50:00,256.0
2023-05-11 23:55:00,251.0
2023-05-12 00:00:00,245.0
2023-05-12 00:05:00,240.0
2023-05-12 00:10:00,237.0
2023-05-12 00:15:00,233.0
2023-05-12 00:20:00,225.0
2023-05-12 00:25:00,223.0
2023-05-12 00:30:00,222.0
2023-05-12 00:35:00,217.0
2023-05-12 00:40:00,212.0
2023-05-12 00:45:00,211.0
2023-05-12 00:50:00,214.0
2023-05-12 00:55:00,212.0
2023-05-12 01:00:00,207.0
2023-05-12 01:05:00,207.0
2023-05-12 01:10:00,206.0
2023-05-12 01:15:00,204.0
2023-05-12 01:20:00,208.0
2023-05-12 01:25:00,208.0
2023-05-12 01:30:00,208.0
2023-05-12 01:35:00,206.0
2023-05-12 01:40:00,207.0
2023-05-12 01:45:00,209.0
2023-05-12 01:50:00,213.0
2023-05-12 01:55:00,212.0
2023-05-12 02:00:00,218.0
2023-05-12 02:05:00,220.0
2023-05-12 02:10:00,224.0
2023-05-12 02:15:00,225.0
2023-05-12 02:20:00,229.0
2023-05-12 02:25:00,235.0
2023-05-12 02:30:00,237.0
2023-05-12 02:35:00,240.0
2023-05-12 02:40:00,244.0
2023-05-12 02:45:00,247.0
2023-05-12 02:50:00,254.0
2023-05-12 02:55:00,256.0
2023-05-12 03:00:00,262.0
2023-05-12 03:05:00,266.0
2023-05-12 03:10:00,270.0
2023-05-12 03:15:00,275.0
2023-05-12 03:20:00,278.0
2023-05-12 03:25:00,283.0
2023-05-12 03:30:00,288.0
2023-05-12 03:35:00,293.0
2023-05-12 03:40:00,296.0
2023-05-12 03:45:00,298.0
2023-05-12 03:50:00,304.0
2023-05-12 03:55:00,306.0
2023-05-12 04:00:00,312.0
2023-05-12 04:05:00,314.0
2023-05-12 04:10:00,317.0
2023-05-12 04:15:00,317.0
2023-05-12 04:20:00,328.0
2023-05-12 04:25:00,330.0
2023-05-12 04:30:00,328.0
2023-05-12 04:35:00,331.0
2023-05-12 04:40:00,331.0
2023-05-12 04:45:00,333.0
2023-05-12 04:50:00,331.0
2023-05-12 04:55:00,331.0
2023-05-12 05:00:00,334.0
2023-05-12 05:05:00,344.0
2023-05-12 05:10:00,341.0
2023-05-12 05:15:00,339.0
2023-05-12 05:20:00,342.0
2023-05-12 05:25:00,343.0
2023-05-12 05:30:00,337.0
2023-05-12 05:35:00,338.0
2023-05-12 05:40:00,338.0
2023-05-12 05:45:00,335.0
2023-05-12 05:50:00,330.0
2023-05-12 05:55:00,326.0
2023-05-12 06:00:00,324.0
2023-05-12 06:05:00,333.0
2023-05-12 06:10:00,322.0
2023-05-12 06:15:00,323.0
2023-05-12 06:20:00,319.0
2023-05-12 06:25:00,311.0
2023-05-12 06:30:00,313.0
2023-05-12 06:35:00,309.0
2023-05-12 06:40:00,309.0
2023-05-12 06:45:00,304.0
2023-05-12 06:50:00,302.0
2023-05-12 06:55:00,297.0
2023-05-12 07:00:00,293.0
2023-05-12 07:05:00,290.0
2023-05-12 07:10:00,286.0
2023-05-12 07:15:00,282.0
2023-05-12 07:20:00,278.0
2023-05-12 07:25:00,274.0
2023-05-12 07:30:00,270.0
2023-05-12 07:35:00,267.0
2023-05-12 07:40:00,264.0
2023-05-12 07:45:00,260.0
2023-05-12 07:50:00,256.0
2023-05-12 07:55:00,253.0
2023-05-12 08:00:00,249.0
2023-05-12 08:05:00,245.0
2023-05-12 08:10:00,245.0
2023-05-12 08:15:00,243.0
2023-05-12 08:20:00,237.0
2023-05-12 08:25:00,235.0
2023-05-12 08:30:00,231.0
2023-05-12 08:35:00,232.0
2023-05-12 08:40:00,230.0
2023-05-12 08:45:00,230.0
2023-05-12 08:50:00,229.0
2023-05-12 08:55:00,225.0
2023-05-12 09:00:00,225.0
2023-05-12 09:05:00,223.0
2023-05-12 09:10:00,223.0
2023-05-12 09:15:00,219.0
2023-05-12 09:20:00,221.0
2023-05-12 09:25:00,221.0
2023-05-12 09:30:00,222.0
2023-05-12 09:35:00,217.0
2023-05-12 09:40:00,223.0
2023-05-12 09:45:00,225.0
2023-05-12 09:50:00,226.0
2023-05-12 09:55:00,227.0
2023-05-12 10:00:00,225.0
2023-05-12 10:05:00,227.0
2023-05-12 10:10:00,227.0
2023-05-12 10:15:00,232.0
2023-05-12 10:20:00,232.0
2023-05-12 10:25:00,234.0
2023-05-12 10:30:00,234.0
2023-05-12 10:35:00,240.0
2023-05-12 10:40:00,240.0
2023-05-12 10:45:00,242.0
2023-05-12 10:50:00,245.0
2023-05-12 10:55:00,247.0
2023-05-12 11:00:00,248.0
2023-05-12 11:05:00,251.0
2023-05-12 11:10:00,253.0
2023-05-12 11:15:00,256.0
2023-05-12 11:20:00,258.0
2023-05-12 11:25:00,261.0
2023-05-12 11:30:00,262.0
2023-05-12 11:35:00,265.0
2023-05-12 11:40:00,267.0
2023-05-12 11:45:00,269.0
2023-05-12 11:50:00,270.0
2023-05-12 11:55:00,273.0
2023-05-12 12:00:00,274.0
2023-05-12 12:05:00,275.0
2023-05-12 12:10:00,277.0
2023-05-12 12:15:00,280.0
2023-05-12 12:20:00,280.0
2023-05-12 12:25:00,282.0
2023-05-12 12:30:00,282.0
2023-05-12 12:35:00,283.0
2023-05-12 12:40:00,284.0
2023-05-12 12:45:00,284.0
2023-05-12 12:50:00,282.0
2023-05-12 12:55:00,285.0
2023-05-12 13:00:00,285.0
2023-05-12 13:05:00,284.0
2023-05-12 13:10:00,283.0
2023-05-12 13:15:00,286.0
2023-05-12 13:20:00,286.0
2023-05-12 13:25:00,283.0
2023-05-12 13:30:00,283.0
2023-05-12 13:35:00,282.0
2023-05-12 13:40:00,282.0
2023-05-12 13:45:00,281.0
2023-05-12 13:50:00,281.0
2023-05-12 13:55:00,280.0
2023-05-12 14:00:00,279.0
2023-05-12 14:05:00,278.0
2023-05-12 14:10:00,277.0
2023-05-12 14:15:00,276.0
2023-05-12 14:20:00,274.0
2023-05-12 14:25:00,274.0
2023-05-12 14:30:00,272.0
2023-05-12 14:35:00,272.0
2023-05-12 14:40:00,271.0
2023-05-12 14:45:00,270.0
2023-05-12 14:50:00,269.0
2023-05-12 14:55:00,268.0
2023-05-12 15:00:00,268.0
2023-05-12 15:05:00,267.0
2023-05-12 15:10:00,267.0
2023-05-12 15:15:00,266.0
2023-05-12 15:20:00,266.0
2023-05-12 15:25:00,266.0
2023-05-12 15:30:00,267.0
2023-05-12 15:35:00,267.0
2023-05-12 15:40:00,268.0
2023-05-12 15:45:00,268.0
2023-05-12 15:50:00,269.0
2023-05-12 15:55:00,270.0
2023-05-12 16:00:00,271.0
2023-05-12 16:05:00,274.0
2023-05-12 16:10:00,275.0
2023-05-12 16:15:00,277.0
2023-05-12 16:20:00,280.0
2023-05-12 16:25:00,281.0
2023-05-12 16:30:00,286.0
2023-05-12 16:35:00,287.0
2023-05-12 16:40:00,291.0
2023-05-12 16:45:00,295.0
2023-05-12 16:50:00,296.0
2023-05-12 16:55:00,301.0
2023-05-12 17:00:00,302.0
2023-05-12 17:05:00,305.0
2023-05-12 17:10:00,316.0
2023-05-12 17:15:00,318.0
2023-05-12 17:20:00,328.0
2023-05-12 17:25:00,327.0
2023-05-12 17:30:00,332.0
2023-05-12 17:35:00,334.0
2023-05-12 17:40:00,341.0
2023-05-12 17:45:00,350.0
2023-05-12 17:50:00,356.0
2023-05-12 17:55:00,351.0
2023-05-12 18:00:00,358.0
2023-05-12 18:05:00,371.0
2023-05-12 18:10:00,373.0
2023-05-12 18:15:00,370.0
2023-05-12 18:20:00,383.0
2023-05-12 18:25:00,390.0
2023-05-12 18:30:00,397.0
2023-05-12 18:35:00,405.0
2023-05-12 18:40:00,409.0
2023-05-12 18:45:00,421.0
2023-05-12 18:50:00,423.0
2023-05-12 18:55:00,418.0
2023-05-12 19:00:00,440.0
2023-05-12 19:05:00,434.0
2023-05-12 19:10:00,439.0
2023-05-12 19:15:00,454.0
2023-05-12 19:20:00,444.0
2023-05-12 19:25:00,449.0
2023-05-12 19:30:00,454.0
2023-05-12 19:35:00,451.0
2023-05-12 19:40:00,478.0
2023-05-12 19:45:00,480.0
2023-05-12 19:50:00,475.0
2023-05-12 19:55:00,456.0
2023-05-12 20:00:00,469.0
2023-05-12 20:05:00,457.0
2023-05-12 20:10:00,453.0
2023-05-12 20:15:00,473.0
2023-05-12 20:20:00,470.0
2023-05-12 20:25:00,458.0
2023-05-12 20:30:00,481.0
2023-05-12 20:35:00,474.0
2023-05-12 20:40:00,467.0
2023-05-12 20:45:00,470.0
2023-05-12 20:50:00,455.0
2023-05-12 20:55:00,461.0
2023-05-12 21:00:00,471.0
2023-05-12 21:05:00,461.0
2023-05-12 21:10:00,458.0
2023-05-12 21:15:00,430.0
2023-05-12 21:20:00,451.0
2023-05-12 21:25:00,448.0
2023-05-12 21:30:00,436.0
2023-05-12 21:35:00,430.0
2023-05-12 21:40:00,438.0
2023-05-12 21:45:00,415.0
2023-05-12 21:50:00,417.0
2023-05-12 21:55:00,407.0
2023-05-12 22:00:00,396.0
2023-05-12 22:05:00,396.0
2023-05-12 22:10:00,402.0
2023-05-12 22:15:00,391.0
2023-05-12 22:20:00,390.0
2023-05-12 22:25:00,368.0
2023-05-12 22:30:00,366.0
2023-05-12 22:35:00,360.0
2023-05-12 22:40:00,352.0
2023-05-12 22:45:00,341.0
2023-05-12 22:50:00,334.0
2023-05-12 22:55:00,332.0
2023-05-12 23:00:00,321.0
2023-05-12 23:05:00,314.0
2023-05-12 23:10:00,309.0
2023-05-12 23:15:00,304.0
2023-05-12 23:20:00,294.0
2023-05-12 23:25:00,287.0
2023-05-12 23:30:00,281.0
2023-05-12 23:35:00,274.0
2023-05-12 23:40:00,268.0
2023-05-12 23:45:00,262.0
2023-05-12 23:50:00,257.0
2023-05-12 23:55:00,252.0
2023-05-13 00:00:00,248.0
2023-05-13 00:05:00,241.0
2023-05-13 00:10:00,235.0
2023-05-13 00:15:00,234.0
2023-05-13 00:20:00,230.0
2023-05-13 00:25:00,226.0
2023-05-13 00:30:00,219.0
2023-05-13 00:35:00,219.0
2023-05-13 00:40:00,213.0
2023-05-13 00:45:00,212.0
2023-05-13 00:50:00,209.0
2023-05-13 00:55:00,204.0
2023-05-13 01:00:00,204.0
2023-05-13 01:05:00,203.0
2023-05-13 01:10:00,210.0
2023-05-13 01:15:00,205.0
2023-05-13 01:20:00,202.0
2023-05-13 01:25:00,210.0
2023-05-13 01:30:00,203.0
2023-05-13 01:35:00,211.0
2023-05-13 01:40:00,208.0
2023-05-13 01:45:00,206.0
2023-05-13 01:50:00,213.0
2023-05-13 01:55:00,215.0
2023-05-13 02:00:00,220.0
2023-05-13 02:05:00,225.0
2023-05-13 02:10:00,223.0
2023-05-13 02:15:00,228.0
2023-05-13 02:20:00,231.0
2023-05-13 02:25:00,234.0
2023-05-13 02:30:00,237.0
2023-05-13 02:35:00,241.0
2023-05-13 02:40:00,245.0
2023-05-13 02:45:00,248.0
2023-05-13 02:50:00,253.0
2023-05-13 02:55:00,257.0
2023-05-13 03:00:00,261.0
2023-05-13 03:05:00,266.0
2023-05-13 03:10:00,270.0
2023-05-13 03:15:00,275.0
2023-05-13 03:20:00,279.0
2023-05-13 03:25:00,282.0
2023-05-13 03:30:00,288.0
2023-05-13 03:35:00,295.0
2023-05-13 03:40:00,297.0
2023-05-13 03:45:00,300.0
2023-05-13 03:50:00,305.0
2023-05-13 03:55:00,307.0
2023-05-13 04:00:00,312.0
2023-05-13 04:05:00,318.0
2023-05-13 04:10:00,322.0
2023-05-13 04:15:00,325.0
2023-05-13 04:20:00,321.0
2023-05-13 04:25:00,328.0
2023-05-13 04:30:00,329.0
2023-05-13 04:35:00,330.0
2023-05-13 04:40:00,334.0
2023-05-13 04:45:00,338.0
2023-05-13 04:50:00,329.0
2023-05-13 04:55:00,340.0
2023-05-13 05:00:00,339.0
2023-05-13 05:05:00,347.0
2023-05-13 05:10:00,337.0
2023-05-13 05:15:00,342.0
2023-05-13 05:20:00,340.0
2023-05-13 05:25:00,337.0
2023-05-13 05:30:00,339.0
2023-05-13 05:35:00,340.0
2023-05-13 05:40:00,341.0
2023-05-13 05:45:00,334.0
2023-05-13 05:50:00,334.0
2023-05-13 05:55:00,333.0
2023-05-13 06:00:00,330.0
2023-05-13 06:05:00,329.0
2023-05-13 06:10:00,328.0
2023-05-13 06:15:00,324.0
2023-05-13 06:20:00,319.0
2023-05-13 06:25:00,316.0
2023-05-13 06:30:00,310.0
2023-05-13 06:35:00,309.0
2023-05-13 06:40:00,309.0
2023-05-13 06:45:00,300.0
2023-05-13 06:50:00,299.0
2023-05-13 06:55:00,295.0
2023-05-13 07:00:00,296.0
2023-05-13 07:05:00,290.0
2023-05-13 07:10:00,285.0
2023-05-13 07:15:00,282.0
2023-05-13 07:20:00,278.0
2023-05-13 07:25:00,274.0
2023-05-13 07:30:00,271.0
2023-05-13 07:35:00,267.0
2023-05-13 07:40:00,263.0
2023-05-13 07:45:00,260.0
2023-05-13 07:50:00,256.0
2023-05-13 07:55:00,254.0
2023-05-13 08:00:00,251.0
2023-05-13 08:05:00,246.0
2023-05-13 08:10:00,243.0
2023-05-13 08:15:00,243.0
2023-05-13 08:20:00,239.0
2023-05-13 08:25:00,235.0
2023-05-13 08:30:00,234.0
2023-05-13 08:35:00,231.0
2023-05-13 08:40:00,231.0
2023-05-13 08:45:00,226.0
2023-05-13 08:50:00,225.0
2023-05-13 08:55:00,226.0
2023-05-13 09:00:00,223.0
2023-05-13 09:05:00,224.0
2023-05-13 09:10:00,229.0
2023-05-13 09:15:00,223.0
2023-05-13 09:20:00,218.0
2023-05-13 09:25:00,223.0
2023-05-13 09:30:00,217.0
2023-05-13 09:35:00,222.0
2023-05-13 09:40:00,223.0
2023-05-13 09:45:00,221.0
2023-05-13 09:50:00,226.0
2023-05-13 09:55:00,229.0
2023-05-13 10:00:00,227.0
2023-05-13 10:05:00,228.0
2023-05-13 10:10:00,230.0
2023-05-13 10:15:00,232.0
2023-05-13 10:20:00,231.0
2023-05-13 10:25:00,234.0
2023-05-13 10:30:00,237.0
2023-05-13 10:35:00,240.0
2023-05-13 10:40:00,240.0
2023-05-13 10:45:00,241.0
2023-05-13 10:50:00,242.0
2023-05-13 10:55:00,248.0
2023-05-13 11:00:00,248.0
2023-05-13 11:05:00,252.0
2023-05-13 11:10:00,255.0
2023-05-13 11:15:00,256.0
2023-05-13 11:20:00,258.0
2023-05-13 11:25:00,260.0
2023-05-13 11:30:00,262.0
2023-05-13 11:35:00,265.0
2023-05-13 11:40:00,267.0
2023-05-13 11:45:00,268.0
2023-05-13 11:50:00,270.0
2023-05-13 11:55:00,272.0
2023-05-13 12:00:00,274.0
2023-05-13 12:05:00,275.0
2023-05-13 12:10:00,277.0
2023-05-13 12:15:00,279.0
2023-05-13 12:20:00,279.0
2023-05-13 12:25:00,282.0
2023-05-13 12:30:00,282.0
2023-05-13 12:35:00,282.0
2023-05-13 12:40:00,283.0
2023-05-13 12:45:00,284.0
2023-05-13 12:50:00,283.0
2023-05-13 12:55:00,286.0
2023-05-13 13:00:00,286.0
2023-05-13 13:05:00,285.0
2023-05-13 13:10:00,285.0
2023-05-13 13:15:00,286.0
2023-05-13 13:20:00,284.0
2023-05-13 13:25:00,284.0
2023-05-13 13:30:00,283.0
2023-05-13 13:35:00,284.0
2023-05-13 13:40:00,282.0
2023-05-13 13:45:00,281.0
2023-05-13 13:50:00,280.0
2023-05-13 13:55:00,279.0
2023-05-13 14:00:00,279.0
2023-05-13 14:05:00,279.0
2023-05-13 14:10:00,277.0
2023-05-13 14:15:00,276.0
2023-05-13 14:20:00,274.0
2023-05-13 14:25:00,274.0
2023-05-13 14:30:00,272.0
2023-05-13 14:35:00,271.0
2023-05-13 14:40:00,270.0
2023-05-13 14:45:00,270.0
2023-05-13 14:50:00,269.0
2023-05-13 14:55:00,268.0
2023-05-13 15:00:00,268.0
2023-05-13 15:05:00,267.0
2023-05-13 15:10:00,267.0
2023-05-13 15:15:00,266.0
2023-05-13 15:20:00,266.0
2023-05-13 15:25:00,266.0
2023-05-13 15:30:00,267.0
2023-05-13 15:35:00,267.0
2023-05-13 15:40:00,268.0
2023-05-13 15:45:00,268.0
2023-05-13 15:50:00,269.0
2023-05-13 15:55:00,270.0
2023-05-13 16:00:00,272.0
2023-05-13 16:05:00,273.0
2023-05-13 16:10:00,275.0
2023-05-13 16:15:00,277.0
2023-05-13 16:20:00,280.0
2023-05-13 16:25:00,282.0
2023-05-13 16:30:00,284.0
2023-05-13 16:35:00,289.0
2023-05-13 16:40:00,291.0
2023-05-13 16:45:00,294.0
2023-05-13 16:50:00,298.0
2023-05-13 16:55:00,302.0
2023-05-13 17:00:00,303.0
2023-05-13 17:05:00,309.0
2023-05-13 17:10:00,313.0
2023-05-13 17:15:00,320.0
2023-05-13 17:20:00,319.0
2023-05-13 17:25:00,331.0
2023-05-13 17:30:00,333.0
2023-05-13 17:35:00,346.0
2023-05-13 17:40:00,349.0
2023-05-13 17:45:00,350.0
2023-05-13 17:50:00,351.0
2023-05-13 17:55:00,359.0
2023-05-13 18:00:00,357.0
2023-05-13 18:05:00,372.0
2023-05-13 18:10:00,367.0
2023-05-13 18:15:00,375.0
2023-05-13 18:20:00,386.0
2023-05-13 18:25:00,398.0
2023-05-13 18:30:00,404.0
2023-05-13 18:35:00,402.0
2023-05-13 18:40:00,400.0
2023-05-13 18:45:00,420.0
2023-05-13 18:50:00,422.0
2023-05-13 18:55:00,423.0
2023-05-13 19:00:00,396.0
2023-05-13 19:05:00,428.0
2023-05-13 19:10:00,449.0
2023-05-13 19:15:00,446.0
2023-05-13 19:20:00,446.0
2023-05-13 19:25:00,444.0
2023-05-13 19:30:00,444.0
2023-05-13 19:35:00,461.0
2023-05-13 19:40:00,466.0
2023-05-13 19:45:00,442.0
2023-05-13 19:50:00,468.0
2023-05-13 19:55:00,465.0
2023-05-13 20:00:00,462.0
2023-05-13 20:05:00,471.0
2023-05-13 20:10:00,462.0
2023-05-13 20:15:00,500.0
2023-05-13 20:20:00,460.0
2023-05-13 20:25:00,463.0
2023-05-13 20:30:00,478.0
2023-05-13 20:35:00,484.0
2023-05-13 20:40:00,486.0
2023-05-13 20:45:00,471.0
2023-05-13 20:50:00,479.0
2023-05-13 20:55:00,459.0
2023-05-13 21:00:00,466.0
2023-05-13 21:05:00,474.0
2023-05-13 21:10:00,440.0
2023-05-13 21:15:00,454.0
2023-05-13 21:20:00,454.0
2023-05-13 21:25:00,433.0
2023-05-13 21:30:00,448.0
2023-05-13 21:35:00,430.0
2023-05-13 21:40:00,435.0
2023-05-13 21:45:00,420.0
2023-05-13 21:50:00,420.0
2023-05-13 21:55:00,410.0
2023-05-13 22:00:00,401.0
2023-05-13 22:05:00,394.0
2023-05-13 22:10:00,400.0
2023-05-13 22:15:00,393.0
2023-05-13 22:20:00,379.0
2023-05-13 22:25:00,371.0
2023-05-13 22:30:00,361.0
2023-05-13 22:35:00,354.0
2023-05-13 22:40:00,353.0
2023-05-13 22:45:00,348.0
2023-05-13 22:50:00,339.0
2023-05-13 22:55:00,335.0
2023-05-13 23:00:00,321.0
2023-05-13 23:05:00,314.0
2023-05-13 23:10:00,309.0
2023-05-13 23:15:00,299.0
2023-05-13 23:20:00,294.0
2023-05-13 23:25:00,289.0
2023-05-13 23:30:00,280.0
2023-05-13 23:35:00,275.0
2023-05-13 23:40:00,268.0
2023-05-13 23:45:00,263.0
2023-05-13 23:50:00,257.0
2023-05-13 23:55:00,250.0
2023-05-14 00:00:00,245.0
2023-05-14 00:05:00,241.0
2023-05-14 00:10:00,234.0
2023-05-14 00:15:00,231.0
2023-05-14 00:20:00,227.0
2023-05-14 00:25:00,228.0
2023-05-14 00:30:00,216.0
2023-05-14 00:35:00,220.0
2023-05-14 00:40:00,212.0
2023-05-14 00:45:00,212.0
2023-05-14 00:50:00,213.0
2023-05-14 00:55:00,209.0
2023-05-14 01:00:00,208.0
2023-05-14 01:05:00,209.0
2023-05-14 01:10:00,208.0
2023-05-14 01:15:00,207.0
2023-05-14 01:20:00,206.0
2023-05-14 01:25:00,204.0
2023-05-14 01:30:00,206.0
2023-05-14 01:35:00,209.0
2023-05-14 01:40:00,211.0
2023-05-14 01:45:00,215.0
2023-05-14 01:50:00,214.0
2023-05-14 01:55:00,220.0
2023-05-14 02:00:00,219.0
2023-05-14 02:05:00,221.0
2023-05-14 02:10:00,223.0
2023-05-14 02:15:00,229.0
2023-05-14 02:20:00,227.0
2023-05-14 02:25:00,230.0
2023-05-14 02:30:00,239.0
2023-05-14 02:35:00,239.0
2023-05-14 02:40:00,245.0
2023-05-14 02:45:00,250.0
2023-05-14 02:50:00,253.0
2023-05-14 02:55:00,258.0
2023-05-14 03:00:00,262.0
2023-05-14 03:05:00,266.0
2023-05-14 03:10:00,270.0
2023-05-14 03:15:00,275.0
2023-05-14 03:20:00,279.0
2023-05-14 03:25:00,284.0
2023-05-14 03:30:00,288.0
2023-05-14 03:35:00,293.0
2023-05-14 03:40:00,295.0
2023-05-14 03:45:00,300.0
2023-05-14 03:50:00,307.0
2023-05-14 03:55:00,308.0
2023-05-14 04:00:00,308.0
2023-05-14 04:05:00,318.0
2023-05-14 04:10:00,319.0
2023-05-14 04:15:00,324.0
2023-05-14 04:20:00,328.0
2023-05-14 04:25:00,332.0
2023-05-14 04:30:00,334.0
2023-05-14 04:35:00,328.0
2023-05-14 04:40:00,332.0
2023-05-14 04:45:00,339.0
2023-05-14 04:50:00,331.0
2023-05-14 04:55:00,338.0
2023-05-14 05:00:00,340.0
2023-05-14 05:05:00,339.0
2023-05-14 05:10:00,341.0
2023-05-14 05:15:00,344.0
2023-05-14 05:20:00,347.0
2023-05-14 05:25:00,337.0
2023-05-14 05:30:00,337.0
2023-05-14 05:35:00,344.0
2023-05-14 05:40:00,344.0
2023-05-14 05:45:00,339.0
2023-05-14 05:50:00,330.0
2023-05-14 05:55:00,329.0
2023-05-14 06:00:00,332.0
2023-05-14 06:05:00,329.0
2023-05-14 06:10:00,325.0
2023-05-14 06:15:00,320.0
2023-05-14 06:20:00,315.0
2023-05-14 06:25:00,317.0
2023-05-14 06:30:00,313.0
2023-05-14 06:35:00,312.0
2023-05-14 06:40:00,308.0
2023-05-14 06:45:00,303.0
2023-05-14 06:50:00,299.0
2023-05-14 06:55:00,297.0
2023-05-14 07:00:00,291.0
2023-05-14 07:05:00,289.0
2023-05-14 07:10:00,286.0
2023-05-14 07:15:00,283.0
2023-05-14 07:20:00,279.0
2023-05-14 07:25:00,274.0
2023-05-14 07:30:00,271.0
2023-05-14 07:35:00,267.0
2023-05-14 07:40:00,263.0
2023-05-14 07:45:00,260.0
2023-05-14 07:50:00,257.0
2023-05-14 07:55:00,254.0
2023-05-14 08:00:00,249.0
2023-05-14 08:05:00,247.0
2023-05-14 08:10:00,244.0
2023-05-14 08:15:00,243.0
2023-05-14 08:20:00,241.0
2023-05-14 08:25:00,236.0
2023-05-14 08:30:00,232.0
2023-05-14 08:35:00,233.0
2023-05-14 08:40:00,228.0
2023-05-14 08:45:00,227.0
2023-05-14 08:50:00,222.0
2023-05-14 08:55:00,223.0
2023-05-14 09:00:00,224.0
2023-05-14 09:05:00,221.0
2023-05-14 09:10:00,223.0
2023-05-14 09:15:00,223.0
2023-05-14 09:20:00,222.0
2023-05-14 09:25:00,221.0
2023-05-14 09:30:00,224.0
2023-05-14 09:35:00,223.0
2023-05-14 09:40:00,223.0
2023-05-14 09:45:00,222.0
2023-05-14 09:50:00,228.0
2023-05-14 09:55:00,225.0
2023-05-14 10:00:00,224.0
2023-05-14 10:05:00,227.0
2023-05-14 10:10:00,226.0
2023-05-14 10:15:00,229.0
2023-05-14 10:20:00,231.0
2023-05-14 10:25:00,234.0
2023-05-14 10:30:00,235.0
2023-05-14 10:35:00,238.0
2023-05-14 10:40:00,241.0
2023-05-14 10:45:00,242.0
2023-05-14 10:50:00,246.0
2023-05-14 10:55:00,248.0
2023-05-14 11:00:00,248.0
2023-05-14 11:05:00,250.0
2023-05-14 11:10:00,254.0
2023-05-14 11:15:00,256.0
2023-05-14 11:20:00,258.0
2023-05-14 11:25:00,261.0
2023-05-14 11:30:00,263.0
2023-05-14 11:35:00,265.0
2023-05-14 11:40:00,267.0
2023-05-14 11:45:00,268.0
2023-05-14 11:50:00,270.0
2023-05-14 11:55:00,273.0
2023-05-14 12:00:00,274.0
2023-05-14 12:05:00,275.0
2023-05-14 12:10:00,276.0
2023-05-14 12:15:00,278.0
2023-05-14 12:20:00,280.0
2023-05-14 12:25:00,281.0
2023-05-14 12:30:00,282.0
2023-05-14 12:35:00,282.0
2023-05-14 12:40:00,283.0
2023-05-14 12:45:00,285.0
2023-05-14 12:50:00,284.0
2023-05-14 12:55:00,284.0
2023-05-14 13:00:00,285.0
2023-05-14 13:05:00,287.0
2023-05-14 13:10:00,286.0
2023-05-14 13:15:00,284.0
2023-05-14 13:20:00,284.0
2023-05-14 13:25:00,285.0
2023-05-14 13:30:00,284.0
2023-05-14 13:35:00,282.0
2023-05-14 13:40:00,282.0
2023-05-14 13:45:00,282.0
2023-05-14 13:50:00,281.0
2023-05-14 13:55:00,279.0
2023-05-14 14:00:00,278.0
2023-05-14 14:05:00,278.0
2023-05-14 14:10:00,277.0
2023-05-14 14:15:00,276.0
2023-05-14 14:20:00,275.0
2023-05-14 14:25:00,274.0
2023-05-14 14:30:00,273.0
2023-05-14 14:35:00,272.0
2023-05-14 14:40:00,271.0
2023-05-14 14:45:00,270.0
2023-05-14 14:50:00,269.0
2023-05-14 14:55:00,268.0
2023-05-14 15:00:00,268.0
2023-05-14 15:05:00,267.0
2023-05-14 15:10:00,267.0
2023-05-14 15:15:00,266.0
2023-05-14 15:20:00,266.0
2023-05-14 15:25:00,266.0
2023-05-14 15:30:00,267.0
2023-05-14 15:35:00,267.0
2023-05-14 15:40:00,268.0
2023-05-14 15:45:00,268.0
2023-05-14 15:50:00,269.0
2023-05-14 15:55:00,270.0
2023-05-14 16:00:00,272.0
2023-05-14 16:05:00,274.0
2023-05-14 16:10:00,276.0
2023-05-14 16:15:00,277.0
2023-05-14 16:20:00,280.0
2023-05-14 16:25:00,282.0
2023-05-14 16:30:00,285.0
2023-05-14 16:35:00,287.0
2023-05-14 16:40:00,291.0
2023-05-14 16:45:00,293.0
2023-05-14 16:50:00,298.0
2023-05-14 16:55:00,303.0
2023-05-14 17:00:00,303.0
2023-05-14 17:05:00,311.0
2023-05-14 17:10:00,310.0
2023-05-14 17:15:00,316.0
2023-05-14 17:20:00,320.0
2023-05-14 17:25:00,328.0
2023-05-14 17:30:00,335.0
2023-05-14 17:35:00,334.0
2023-05-14 17:40:00,345.0
2023-05-14 17:45:00,351.0
2023-05-14 17:50:00,352.0
2023-05-14 17:55:00,365.0
2023-05-14 18:00:00,371.0
2023-05-14 18:05:00,366.0
2023-05-14 18:10:00,377.0
2023-05-14 18:15:00,375.0
2023-05-14 18:20:00,388.0
2023-05-14 18:25:00,383.0
2023-05-14 18:30:00,394.0
2023-05-14 18:35:00,407.0
2023-05-14 18:40:00,407.0
2023-05-14 18:45:00,415.0
2023-05-14 18:50:00,425.0
2023-05-14 18:55:00,411.0
2023-05-14 19:00:00,421.0
2023-05-14 19:05:00,427.0
2023-05-14 19:10:00,436.0
2023-05-14 19:15:00,442.0
2023-05-14 19:20:00,439.0
2023-05-14 19:25:00,442.0
2023-05-14 19:30:00,444.0
2023-05-14 19:35:00,472.0
2023-05-14 19:40:00,467.0
2023-05-14 19:45:00,453.0
2023-05-14 19:50:00,472.0
2023-05-14 19:55:00,466.0
2023-05-14 20:00:00,456.0
2023-05-14 20:05:00,470.0
2023-05-14 20:10:00,478.0
2023-05-14 20:15:00,447.0
2023-05-14 20:20:00,476.0
2023-05-14 20:25:00,499.0
2023-05-14 20:30:00,481.0
2023-05-14 20:35:00,481.0
2023-05-14 20:40:00,476.0
2023-05-14 20:45:00,460.0
2023-05-14 20:50:00,462.0
2023-05-14 20:55:00,456.0
2023-05-14 21:00:00,477.0
2023-05-14 21:05:00,446.0
2023-05-14 21:10:00,471.0
2023-05-14 21:15:00,451.0
2023-05-14 21:20:00,445.0
2023-05-14 21:25:00,452.0
2023-05-14 21:30:00,444.0
2023-05-14 21:35:00,418.0
2023-05-14 21:40:00,409.0
2023-05-14 21:45:00,423.0
2023-05-14 21:50:00,419.0
2023-05-14 21:55:00,413.0
2023-05-14 22:00:00,399.0
2023-05-14 22:05:00,391.0
2023-05-14 22:10:00,401.0
2023-05-14 22:15:00,392.0
2023-05-14 22:20:00,382.0
2023-05-14 22:25:00,372.0
2023-05-14 22:30:00,364.0
2023-05-14 22:35:00,358.0
2023-05-14 22:40:00,359.0
2023-05-14 22:45:00,337.0
2023-05-14 22:50:00,336.0
2023-05-14 22:55:00,332.0
2023-05-14 23:00:00,317.0
2023-05-14 23:05:00,312.0
2023-05-14 23:10:00,309.0
2023-05-14 23:15:00,301.0
2023-05-14 23:20:00,292.0
2023-05-14 23:25:00,287.0
2023-05-14 23:30:00,281.0
2023-05-14 23:35:00,275.0
2023-05-14 23:40:00,268.0
2023-05-14 23:45:00,263.0
2023-05-14 23:50:00,257.0
2023-05-14 23:55:00,251.0
2023-05-15 00:00:00,246.0
2023-05-15 00:05:00,241.0
2023-05-15 00:10:00,232.0
2023-05-15 00:15:00,233.0
2023-05-15 00:20:00,231.0
2023-05-15 00:25:00,227.0
2023-05-15 00:30:00,221.0
2023-05-15 00:35:00,219.0
2023-05-15 00:40:00,216.0
2023-05-15 00:45:00,209.0
2023-05-15 00:50:00,210.0
2023-05-15 00:55:00,214.0
2023-05-15 01:00:00,207.0
2023-05-15 01:05:00,209.0
2023-05-15 01:10:00,208.0
2023-05-15 01:15:00,203.0
2023-05-15 01:20:00,206.0
2023-05-15 01:25:00,208.0
2023-05-15 01:30:00,207.0
2023-05-15 01:35:00,206.0
2023-05-15 01:40:00,208.0
2023-05-15 01:45:00,206.0
2023-05-15 01:50:00,213.0
2023-05-15 01:55:00,215.0
2023-05-15 02:00:00,221.0
2023-05-15 02:05:00,218.0
2023-05-15 02:10:00,224.0
2023-05-15 02:15:00,227.0
2023-05-15 02:20:00,227.0
2023-05-15 02:25:00,234.0
2023-05-15 02:30:00,236.0
2023-05-15 02:35:00,239.0
2023-05-15 02:40:00,244.0
2023-05-15 02:45:00,247.0
2023-05-15 02:50:00,253.0
2023-05-15 02:55:00,257.0
2023-05-15 03:00:00,261.0
2023-05-15 03:05:00,266.0
2023-05-15 03:10:00,270.0
2023-05-15 03:15:00,275.0
2023-05-15 03:20:00,278.0
2023-05-15 03:25:00,284.0
2023-05-15 03:30:00,289.0
2023-05-15 03:35:00,294.0
2023-05-15 03:40:00,295.0
2023-05-15 03:45:00,302.0
2023-05-15 03:50:00,305.0
2023-05-15 03:55:00,310.0
2023-05-15 04:00:00,310.0
2023-05-15 04:05:00,312.0
2023-05-15 04:10:00,322.0
2023-05-15 04:15:00,321.0
2023-05-15 04:20:00,326.0
2023-05-15 04:25:00,329.0
2023-05-15 04:30:00,329.0
2023-05-15 04:35:00,329.0
2023-05-15 04:40:00,332.0
2023-05-15 04:45:00,335.0
2023-05-15 04:50:00,339.0
2023-05-15 04:55:00,336.0
2023-05-15 05:00:00,333.0
2023-05-15 05:05:00,341.0
2023-05-15 05:10:00,339.0
2023-05-15 05:15:00,340.0
2023-05-15 05:20:00,343.0
2023-05-15 05:25:00,340.0
2023-05-15 05:30:00,340.0
2023-05-15 05:35:00,339.0
2023-05-15 05:40:00,333.0
2023-05-15 05:45:00,334.0
2023-05-15 05:50:00,330.0
2023-05-15 05:55:00,328.0
2023-05-15 06:00:00,333.0
2023-05-15 06:05:00,332.0
2023-05-15 06:10:00,324.0
2023-05-15 06:15:00,325.0
2023-05-15 06:20:00,320.0
2023-05-15 06:25:00,320.0
2023-05-15 06:30:00,315.0
2023-05-15 06:35:00,309.0
2023-05-15 06:40:00,308.0
2023-05-15 06:45:00,302.0
2023-05-15 06:50:00,300.0
2023-05-15 06:55:00,296.0
2023-05-15 07:00:00,294.0
2023-05-15 07:05:00,289.0
2023-05-15 07:10:00,285.0
2023-05-15 07:15:00,282.0
2023-05-15 07:20:00,279.0
2023-05-15 07:25:00,274.0
2023-05-15 07:30:00,270.0
2023-05-15 07:35:00,267.0
2023-05-15 07:40:00,263.0
2023-05-15 07:45:00,260.0
2023-05-15 07:50:00,257.0
2023-05-15 07:55:00,254.0
2023-05-15 08:00:00,250.0
2023-05-15 08:05:00,246.0
2023-05-15 08:10:00,244.0
2023-05-15 08:15:00,242.0
2023-05-15 08:20:00,240.0
2023-05-15 08:25:00,235.0
2023-05-15 08:30:00,234.0
2023-05-15 08:35:00,233.0
2023-05-15 08:40:00,229.0
2023-05-15 08:45:00,228.0
2023-05-15 08:50:00,231.0
2023-05-15 08:55:00,225.0
2023-05-15 09:00:00,227.0
2023-05-15 09:05:00,222.0
2023-05-15 09:10:00,223.0
2023-05-15 09:15:00,227.0
2023-05-15 09:20:00,223.0
2023-05-15 09:25:00,226.0
2023-05-15 09:30:00,221.0
2023-05-15 09:35:00,223.0
2023-05-15 09:40:00,221.0
2023-05-15 09:45:00,226.0
2023-05-15 09:50:00,227.0
2023-05-15 09:55:00,222.0
2023-05-15 10:00:00,227.0
2023-05-15 10:05:00,226.0
2023-05-15 10:10:00,227.0
2023-05-15 10:15:00,232.0
2023-05-15 10:20:00,232.0
2023-05-15 10:25:00,234.0
2023-05-15 10:30:00,237.0
2023-05-15 10:35:00,242.0
2023-05-15 10:40:00,239.0
2023-05-15 10:45:00,242.0
2023-05-15 10:50:00,246.0
2023-05-15 10:55:00,248.0
2023-05-15 11:00:00,249.0
2023-05-15 11:05:00,250.0
2023-05-15 11:10:00,253.0
2023-05-15 11:15:00,255.0
2023-05-15 11:20:00,258.0
2023-05-15 11:25:00,260.0
2023-05-15 11:30:00,262.0
2023-05-15 11:35:00,264.0
2023-05-15 11:40:00,267.0
2023-05-15 11:45:00,268.0
2023-05-15 11:50:00,271.0
2023-05-15 11:55:00,272.0
2023-05-15 12:00:00,274.0
2023-05-15 12:05:00,275.0
2023-05-15 12:10:00,277.0
2023-05-15 12:15:00,279.0
2023-05-15 12:20:00,280.0
2023-05-15 12:25:00,280.0
2023-05-15 12:30:00,282.0
2023-05-15 12:35:00,284.0
2023-05-15 12:40:00,284.0
2023-05-15 12:45:00,283.0
2023-05-15 12:50:00,284.0
2023-05-15 12:55:00,285.0
2023-05-15 13:00:00,285.0
2023-05-15 13:05:00,284.0
2023-05-15 13:10:00,285.0
2023-05-15 13:15:00,287.0
2023-05-15 13:20:00,285.0
2023-05-15 13:25:00,283.0
2023-05-15 13:30:00,284.0
2023-05-15 13:35:00,283.0
2023-05-15 13:40:00,284.0
2023-05-15 13:45:00,283.0
2023-05-15 13:50:00,280.0
2023-05-15 13:55:00,278.0
2023-05-15 14:00:00,279.0
2023-05-15 14:05:00,278.0
2023-05-15 14:10:00,276.0
2023-05-15 14:15:00,275.0
2023-05-15 14:20:00,274.0
2023-05-15 14:25:00,273.0
2023-05-15 14:30:00,272.0
2023-05-15 14:35:00,271.0
2023-05-15 14:40:00,271.0
2023-05-15 14:45:00,270.0
2023-05-15 14:50:00,269.0
2023-05-15 14:55:00,268.0
2023-05-15 15:00:00,268.0
2023-05-15 15:05:00,267.0
2023-05-15 15:10:00,267.0
2023-05-15 15:15:00,266.0
2023-05-15 15:20:00,266.0
2023-05-15 15:25:00,266.0
2023-05-15 15:30:00,267.0
2023-05-15 15:35:00,267.0
2023-05-15 15:40:00,268.0
2023-05-15 15:45:00,268.0
2023-05-15 15:50:00,269.0
2023-05-15 15:55:00,270.0
2023-05-15 16:00:00,272.0
2023-05-15 16:05:00,274.0
2023-05-15 16:10:00,275.0
2023-05-15 16:15:00,277.0
2023-05-15 16:20:00,280.0
2023-05-15 16:25:00,282.0
2023-05-15 16:30:00,284.0
2023-05-15 16:35:00,287.0
2023-05-15 16:40:00,289.0
2023-05-15 16:45:00,294.0
2023-05-15 16:50:00,296.0
2023-05-15 16:55:00,301.0
2023-05-15 17:00:00,305.0
2023-05-15 17:05:00,315.0
2023-05-15 17:10:00,309.0
2023-05-15 17:15:00,313.0
2023-05-15 17:20:00,319.0
2023-05-15 17:25:00,326.0
2023-05-15 17:30:00,332.0
2023-05-15 17:35:00,340.0
2023-05-15 17:40:00,348.0
2023-05-15 17:45:00,351.0
2023-05-15 17:50:00,346.0
2023-05-15 17:55:00,356.0
2023-05-15 18:00:00,366.0
2023-05-15 18:05:00,368.0
2023-05-15 18:10:00,380.0
2023-05-15 18:15:00,384.0
2023-05-15 18:20:00,387.0
2023-05-15 18:25:00,393.0
2023-05-15 18:30:00,393.0
2023-05-15 18:35:00,395.0
2023-05-15 18:40:00,415.0
2023-05-15 18:45:00,413.0
2023-05-15 18:50:00,416.0
2023-05-15 18:55:00,423.0
2023-05-15 19:00:00,434.0
2023-05-15 19:05:00,430.0
2023-05-15 19:10:00,443.0
2023-05-15 19:15:00,442.0
2023-05-15 19:20:00,458.0
2023-05-15 19:25:00,449.0
2023-05-15 19:30:00,445.0
2023-05-15 19:35:00,464.0
2023-05-15 19:40:00,460.0
2023-05-15 19:45:00,471.0
2023-05-15 19:50:00,475.0
2023-05-15 19:55:00,472.0
2023-05-15 20:00:00,461.0
2023-05-15 20:05:00,450.0
2023-05-15 20:10:00,472.0
2023-05-15 20:15:00,474.0
2023-05-15 20:20:00,462.0
2023-05-15 20:25:00,485.0
2023-05-15 20:30:00,478.0
2023-05-15 20:35:00,479.0
2023-05-15 20:40:00,458.0
2023-05-15 20:45:00,471.0
2023-05-15 20:50:00,456.0
2023-05-15 20:55:00,469.0
2023-05-15 21:00:00,461.0
2023-05-15 21:05:00,457.0
2023-05-15 21:10:00,459.0
2023-05-15 21:15:00,451.0
2023-05-15 21:20:00,455.0
2023-05-15 21:25:00,436.0
2023-05-15 21:30:00,432.0
2023-05-15 21:35:00,422.0
2023-05-15 21:40:00,432.0
2023-05-15 21:45:00,422.0
2023-05-15 21:50:00,420.0
2023-05-15 21:55:00,415.0
2023-05-15 22:00:00,408.0
2023-05-15 22:05:00,393.0
2023-05-15 22:10:00,391.0
2023-05-15 22:15:00,377.0
2023-05-15 22:20:00,372.0
2023-05-15 22:25:00,367.0
2023-05-15 22:30:00,377.0
2023-05-15 22:35:00,359.0
2023-05-15 22:40:00,351.0
2023-05-15 22:45:00,352.0
2023-05-15 22:50:00,336.0
2023-05-15 22:55:00,329.0
2023-05-15 23:00:00,324.0
2023-05-15 23:05:00,317.0
2023-05-15 23:10:00,308.0
2023-05-15 23:15:00,302.0
2023-05-15 23:20:00,292.0
2023-05-15 23:25:00,288.0
2023-05-15 23:30:00,281.0
2023-05-15 23:35:00,275.0
2023-05-15 23:40:00,268.0
2023-05-15 23:45:00,262.0
2023-05-15 23:50:00,256.0
2023-05-15 23:55:00,252.0
2023-05-16 00:00:00,245.0
2023-05-16 00:05:00,244.0
2023-05-16 00:10:00,237.0
2023-05-16 00:15:00,231.0
2023-05-16 00:20:00,230.0
2023-05-16 00:25:00,230.0
2023-05-16 00:30:00,221.0
2023-05-16 00:35:00,218.0
2023-05-16 00:40:00,218.0
2023-05-16 00:45:00,210.0
2023-05-16 00:50:00,211.0
2023-05-16 00:55:00,211.0
2023-05-16 01:00:00,206.0
2023-05-16 01:05:00,203.0
2023-05-16 01:10:00,208.0
2023-05-16 01:15:00,209.0
2023-05-16 01:20:00,207.0
2023-05-16 01:25:00,207.0
2023-05-16 01:30:00,206.0
2023-05-16 01:35:00,212.0
2023-05-16 01:40:00,213.0
2023-05-16 01:45:00,209.0
2023-05-16 01:50:00,213.0
2023-05-16 01:55:00,216.0
2023-05-16 02:00:00,218.0
2023-05-16 02:05:00,219.0
2023-05-16 02:10:00,222.0
2023-05-16 02:15:00,227.0
2023-05-16 02:20:00,231.0
2023-05-16 02:25:00,232.0
2023-05-16 02:30:00,236.0
2023-05-16 02:35:00,239.0
2023-05-16 02:40:00,244.0
2023-05-16 02:45:00,249.0
2023-05-16 02:50:00,253.0
2023-05-16 02:55:00,257.0
2023-05-16 03:00:00,261.0
2023-05-16 03:05:00,266.0
2023-05-16 03:10:00,270.0
2023-05-16 03:15:00,276.0
2023-05-16 03:20:00,279.0
2023-05-16 03:25:00,284.0
2023-05-16 03:30:00,289.0
2023-05-16 03:35:00,289.0
2023-05-16 03:40:00,295.0
2023-05-16 03:45:00,300.0
2023-05-16 03:50:00,305.0
2023-05-16 03:55:00,310.0
2023-05-16 04:00:00,309.0
2023-05-16 04:05:00,317.0
2023-05-16 04:10:00,318.0
2023-05-16 04:15:00,321.0
2023-05-16 04:20:00,320.0
2023-05-16 04:25:00,327.0
2023-05-16 04:30:00,330.0
2023-05-16 04:35:00,333.0
2023-05-16 04:40:00,340.0
2023-05-16 04:45:00,332.0
2023-05-16 04:50:00,333.0
2023-05-16 04:55:00,338.0
2023-05-16 05:00:00,340.0
2023-05-16 05:05:00,336.0
2023-05-16 05:10:00,341.0
2023-05-16 05:15:00,343.0
2023-05-16 05:20:00,338.0
2023-05-16 05:25:00,338.0
2023-05-16 05:30:00,342.0
2023-05-16 05:35:00,339.0
2023-05-16 05:40:00,342.0
2023-05-16 05:45:00,335.0
2023-05-16 05:50:00,337.0
2023-05-16 05:55:00,334.0
2023-05-16 06:00:00,333.0
2023-05-16 06:05:00,328.0
2023-05-16 06:10:00,324.0
2023-05-16 06:15:00,320.0
2023-05-16 06:20:00,321.0
2023-05-16 06:25:00,318.0
2023-05-16 06:30:00,312.0
2023-05-16 06:35:00,316.0
2023-05-16 06:40:00,305.0
2023-05-16 06:45:00,300.0
2023-05-16 06:50:00,299.0
2023-05-16 06:55:00,294.0
2023-05-16 07:00:00,289.0
2023-05-16 07:05:00,287.0
2023-05-16 07:10:00,286.0
2023-05-16 07:15:00,281.0
2023-05-16 07:20:00,279.0
2023-05-16 07:25:00,274.0
2023-05-16 07:30:00,271.0
2023-05-16 07:35:00,267.0
2023-05-16 07:40:00,263.0
2023-05-16 07:45:00,260.0
2023-05-16 07:50:00,257.0
2023-05-16 07:55:00,254.0
2023-05-16 08:00:00,250.0
2023-05-16 08:05:00,246.0
2023-05-16 08:10:00,244.0
2023-05-16 08:15:00,243.0
2023-05-16 08:20:00,237.0
2023-05-16 08:25:00,238.0
2023-05-16 08:30:00,234.0
2023-05-16 08:35:00,231.0
2023-05-16 08:40:00,232.0
2023-05-16 08:45:00,232.0
2023-05-16 08:50:00,226.0
2023-05-16 08:55:00,223.0
2023-05-16 09:00:00,224.0
2023-05-16 09:05:00,227.0
2023-05-16 09:10:00,222.0
2023-05-16 09:15:00,225.0
2023-05-16 09:20:00,224.0
2023-05-16 09:25:00,223.0
2023-05-16 09:30:00,222.0
2023-05-16 09:35:00,222.0
2023-05-16 09:40:00,223.0
2023-05-16 09:45:00,224.0
2023-05-16 09:50:00,221.0
2023-05-16 09:55:00,225.0
2023-05-16 10:00:00,227.0
2023-05-16 10:05:00,231.0
2023-05-16 10:10:00,230.0
2023-05-16 10:15:00,234.0
2023-05-16 10:20:00,230.0
2023-05-16 10:25:00,236.0
2023-05-16 10:30:00,235.0
2023-05-16 10:35:00,237.0
2023-05-16 10:40:00,241.0
2023-05-16 10:45:00,242.0
2023-05-16 10:50:00,245.0
2023-05-16 10:55:00,246.0
2023-05-16 11:00:00,249.0
2023-05-16 11:05:00,251.0
2023-05-16 11:10:00,254.0
2023-05-16 11:15:00,256.0
2023-05-16 11:20:00,258.0
2023-05-16 11:25:00,260.0
2023-05-16 11:30:00,262.0
2023-05-16 11:35:00,264.0
2023-05-16 11:40:00,267.0
2023-05-16 11:45:00,269.0
2023-05-16 11:50:00,271.0
2023-05-16 11:55:00,273.0
2023-05-16 12:00:00,274.0
2023-05-16 12:05:00,276.0
2023-05-16 12:10:00,278.0
2023-05-16 12:15:00,278.0
2023-05-16 12:20:00,279.0
2023-05-16 12:25:00,281.0
2023-05-16 12:30:00,282.0
2023-05-16 12:35:00,282.0
2023-05-16 12:40:00,282.0
2023-05-16 12:45:00,285.0
2023-05-16 12:50:00,284.0
2023-05-16 12:55:00,284.0
2023-05-16 13:00:00,284.0
2023-05-16 13:05:00,285.0
2023-05-16 13:10:00,285.0
2023-05-16 13:15:00,284.0
2023-05-16 13:20:00,283.0
2023-05-16 13:25:00,284.0
2023-05-16 13:30:00,284.0
2023-05-16 13:35:00,284.0
2023-05-16 13:40:00,281.0
2023-05-16 13:45:00,281.0
2023-05-16 13:50:00,280.0
2023-05-16 13:55:00,281.0
2023-05-16 14:00:00,280.0
2023-05-16 14:05:00,278.0
2023-05-16 14:10:00,277.0
2023-05-16 14:15:00,275.0
2023-05-16 14:20:00,275.0
2023-05-16 14:25:00,274.0
2023-05-16 14:30:00,272.0
2023-05-16 14:35:00,272.0
2023-05-16 14:40:00,271.0
2023-05-16 14:45:00,270.0
2023-05-16 14:50:00,269.0
2023-05-16 14:55:00,268.0
2023-05-16 15:00:00,268.0
2023-05-16 15:05:00,267.0
2023-05-16 15:10:00,267.0
2023-05-16 15:15:00,266.0
2023-05-16 15:20:00,266.0
2023-05-16 15:25:00,266.0
2023-05-16 15:30:00,267.0
2023-05-16 15:35:00,267.0
2023-05-16 15:40:00,268.0
2023-05-16 15:45:00,268.0
2023-05-16 15:50:00,269.0
2023-05-16 15:55:00,270.0
2023-05-16 16:00:00,271.0
2023-05-16 16:05:00,273.0
2023-05-16 16:10:00,276.0
2023-05-16 16:15:00,277.0
2023-05-16 16:20:00,279.0
2023-05-16 16:25:00,282.0
2023-05-16 16:30:00,285.0
2023-05-16 16:35:00,288.0
2023-05-16 16:40:00,290.0
2023-05-16 16:45:00,293.0
2023-05-16 16:50:00,296.0
2023-05-16 16:55:00,299.0
2023-05-16 17:00:00,305.0
2023-05-16 17:05:00,312.0
2023-05-16 17:10:00,314.0
2023-05-16 17:15:00,315.0
2023-05-16 17:20:00,321.0
2023-05-16 17:25:00,326.0
2023-05-16 17:30:00,332.0
2023-05-16 17:35:00,340.0
2023-05-16 17:40:00,344.0
2023-05-16 17:45:00,341.0
2023-05-16 17:50:00,356.0
2023-05-16 17:55:00,350.0
2023-05-16 18:00:00,363.0
2023-05-16 18:05:00,374.0
2023-05-16 18:10:00,377.0
2023-05-16 18:15:00,375.0
2023-05-16 18:20:00,398.0
2023-05-16 18:25:00,394.0
2023-05-16 18:30:00,405.0
2023-05-16 18:35:00,399.0
2023-05-16 18:40:00,415.0
2023-05-16 18:45:00,427.0
2023-05-16 18:50:00,422.0
2023-05-16 18:55:00,417.0
2023-05-16 19:00:00,424.0
2023-05-16 19:05:00,428.0
2023-05-16 19:10:00,439.0
2023-05-16 19:15:00,443.0
2023-05-16 19:20:00,452.0
2023-05-16 19:25:00,439.0
2023-05-16 19:30:00,453.0
2023-05-16 19:35:00,453.0
2023-05-16 19:40:00,460.0
2023-05-16 19:45:00,471.0
2023-05-16 19:50:00,462.0
2023-05-16 19:55:00,481.0
2023-05-16 20:00:00,467.0
2023-05-16 20:05:00,477.0
2023-05-16 20:10:00,459.0
2023-05-16 20:15:00,473.0
2023-05-16 20:20:00,489.0
2023-05-16 20:25:00,470.0
2023-05-16 20:30:00,469.0
2023-05-16 20:35:00,473.0
2023-05-16 20:40:00,465.0
2023-05-16 20:45:00,477.0
2023-05-16 20:50:00,482.0
2023-05-16 20:55:00,471.0
2023-05-16 21:00:00,478.0
2023-05-16 21:05:00,457.0
2023-05-16 21:10:00,466.0
2023-05-16 21:15:00,444.0
2023-05-16 21:20:00,442.0
2023-05-16 21:25:00,440.0
2023-05-16 21:30:00,431.0
2023-05-16 21:35:00,442.0
2023-05-16 21:40:00,422.0
2023-05-16 21:45:00,424.0
2023-05-16 21:50:00,412.0
2023-05-16 21:55:00,395.0
2023-05-16 22:00:00,409.0
2023-05-16 22:05:00,403.0
2023-05-16 22:10:00,382.0
2023-05-16 22:15:00,388.0
2023-05-16 22:20:00,378.0
2023-05-16 22:25:00,367.0
2023-05-16 22:30:00,368.0
2023-05-16 22:35:00,349.0
2023-05-16 22:40:00,348.0
2023-05-16 22:45:00,343.0
2023-05-16 22:50:00,332.0
2023-05-16 22:55:00,324.0
2023-05-16 23:00:00,320.0
2023-05-16 23:05:00,316.0
2023-05-16 23:10:00,309.0
2023-05-16 23:15:00,301.0
2023-05-16 23:20:00,294.0
2023-05-16 23:25:00,285.0
2023-05-16 23:30:00,282.0
2023-05-16 23:35:00,275.0
2023-05-16 23:40:00,268.0
2023-05-16 23:45:00,262.0
2023-05-16 23:50:00,256.0
2023-05-16 23:55:00,251.0
2023-05-17 00:00:00,247.0
2023-05-17 00:05:00,240.0
2023-05-17 00:10:00,236.0
2023-05-17 00:15:00,231.0
2023-05-17 00:20:00,226.0
2023-05-17 00:25:00,224.0
2023-05-17 00:30:00,217.0
2023-05-17 00:35:00,217.0
2023-05-17 00:40:00,217.0
2023-05-17 00:45:00,212.0
2023-05-17 00:50:00,209.0
2023-05-17 00:55:00,210.0
2023-05-17 01:00:00,205.0
2023-05-17 01:05:00,209.0
2023-05-17 01:10:00,201.0
2023-05-17 01:15:00,203.0
2023-05-17 01:20:00,202.0
2023-05-17 01:25:00,204.0
2023-05-17 01:30:00,204.0
2023-05-17 01:35:00,211.0
2023-05-17 01:40:00,208.0
2023-05-17 01:45:00,208.0
2023-05-17 01:50:00,217.0
2023-05-17 01:55:00,213.0
2023-05-17 02:00:00,218.0
2023-05-17 02:05:00,221.0
2023-05-17 02:10:00,223.0
2023-05-17 02:15:00,225.0
2023-05-17 02:20:00,229.0
2023-05-17 02:25:00,232.0
2023-05-17 02:30:00,238.0
2023-05-17 02:35:00,242.0
2023-05-17 02:40:00,244.0
2023-05-17 02:45:00,249.0
2023-05-17 02:50:00,253.0
2023-05-17 02:55:00,258.0
2023-05-17 03:00:00,261.0
2023-05-17 03:05:00,266.0
2023-05-17 03:10:00,270.0
2023-05-17 03:15:00,276.0
2023-05-17 03:20:00,279.0
2023-05-17 03:25:00,283.0
2023-05-17 03:30:00,289.0
2023-05-17 03:35:00,291.0
2023-05-17 03:40:00,296.0
2023-05-17 03:45:00,299.0
2023-05-17 03:50:00,306.0
2023-05-17 03:55:00,306.0
2023-05-17 04:00:00,309.0
2023-05-17 04:05:00,313.0
2023-05-17 04:10:00,321.0
2023-05-17 04:15:00,322.0
2023-05-17 04:20:00,321.0
2023-05-17 04:25:00,322.0
2023-05-17 04:30:00,334.0
2023-05-17 04:35:00,330.0
2023-05-17 04:40:00,336.0
2023-05-17 04:45:00,334.0
2023-05-17 04:50:00,335.0
2023-05-17 04:55:00,340.0
2023-05-17 05:00:00,338.0
2023-05-17 05:05:00,339.0
2023-05-17 05:10:00,337.0
2023-05-17 05:15:00,335.0
2023-05-17 05:20:00,335.0
2023-05-17 05:25:00,346.0
2023-05-17 05:30:00,340.0
2023-05-17 05:35:00,343.0
2023-05-17 05:40:00,332.0
2023-05-17 05:45:00,340.0
2023-05-17 05:50:00,328.0
2023-05-17 05:55:00,328.0
2023-05-17 06:00:00,327.0
2023-05-17 06:05:00,328.0
2023-05-17 06:10:00,323.0
2023-05-17 06:15:00,325.0
2023-05-17 06:20:00,318.0
2023-05-17 06:25:00,311.0
2023-05-17 06:30:00,312.0
2023-05-17 06:35:00,311.0
2023-05-17 06:40:00,313.0
2023-05-17 06:45:00,304.0
2023-05-17 06:50:00,299.0
2023-05-17 06:55:00,296.0
2023-05-17 07:00:00,295.0
2023-05-17 07:05:00,290.0
2023-05-17 07:10:00,284.0
2023-05-17 07:15:00,282.0
2023-05-17 07:20:00,278.0
2023-05-17 07:25:00,274.0
2023-05-17 07:30:00,270.0
2023-05-17 07:35:00,267.0
2023-05-17 07:40:00,263.0
2023-05-17 07:45:00,260.0
2023-05-17 07:50:00,256.0
2023-05-17 07:55:00,252.0
2023-05-17 08:00:00,250.0
2023-05-17 08:05:00,247.0
2023-05-17 08:10:00,244.0
2023-05-17 08:15:00,241.0
2023-05-17 08:20:00,236.0
2023-05-17 08:25:00,237.0
2023-05-17 08:30:00,234.0
2023-05-17 08:35:00,230.0
2023-05-17 08:40:00,232.0
2023-05-17 08:45:00,227.0
2023-05-17 08:50:00,227.0
2023-05-17 08:55:00,228.0
2023-05-17 09:00:00,223.0
2023-05-17 09:05:00,222.0
2023-05-17 09:10:00,220.0
2023-05-17 09:15:00,220.0
2023-05-17 09:20:00,226.0
2023-05-17 09:25:00,221.0
2023-05-17 09:30:00,221.0
2023-05-17 09:35:00,221.0
2023-05-17 09:40:00,220.0
2023-05-17 09:45:00,227.0
2023-05-17 09:50:00,225.0
2023-05-17 09:55:00,226.0
2023-05-17 10:00:00,223.0
2023-05-17 10:05:00,229.0
2023-05-17 10:10:00,232.0
2023-05-17 10:15:00,230.0
2023-05-17 10:20:00,231.0
2023-05-17 10:25:00,234.0
2023-05-17 10:30:00,236.0
2023-05-17 10:35:00,238.0
2023-05-17 10:40:00,240.0
2023-05-17 10:45:00,243.0
2023-05-17 10:50:00,245.0
2023-05-17 10:55:00,247.0
2023-05-17 11:00:00,249.0
2023-05-17 11:05:00,251.0
2023-05-17 11:10:00,254.0
2023-05-17 11:15:00,256.0
2023-05-17 11:20:00,257.0
2023-05-17 11:25:00,260.0
2023-05-17 11:30:00,262.0
2023-05-17 11:35:00,264.0
2023-05-17 11:40:00,267.0
2023-05-17 11:45:00,268.0
2023-05-17 11:50:00,270.0
2023-05-17 11:55:00,272.0
2023-05-17 12:00:00,274.0
2023-05-17 12:05:00,276.0
2023-05-17 12:10:00,277.0
2023-05-17 12:15:00,280.0
2023-05-17 12:20:00,280.0
2023-05-17 12:25:00,281.0
2023-05-17 12:30:00,282.0
2023-05-17 12:35:00,283.0
2023-05-17 12:40:00,284.0
2023-05-17 12:45:00,284.0
2023-05-17 12:50:00,286.0
2023-05-17 12:55:00,285.0
2023-05-17 13:00:00,285.0
2023-05-17 13:05:00,285.0
2023-05-17 13:10:00,286.0
2023-05-17 13:15:00,285.0
2023-05-17 13:20:00,284.0
2023-05-17 13:25:00,283.0
2023-05-17 13:30:00,283.0
2023-05-17 13:35:00,282.0
2023-05-17 13:40:00,282.0
2023-05-17 13:45:00,283.0
2023-05-17 13:50:00,281.0
2023-05-17 13:55:00,280.0
2023-05-17 14:00:00,279.0
2023-05-17 14:05:00,277.0
2023-05-17 14:10:00,275.0
2023-05-17 14:15:00,276.0
2023-05-17 14:20:00,274.0
2023-05-17 14:25:00,274.0
2023-05-17 14:30:00,272.0
2023-05-17 14:35:00,271.0
2023-05-17 14:40:00,271.0
2023-05-17 14:45:00,270.0
2023-05-17 14:50:00,269.0
2023-05-17 14:55:00,268.0
2023-05-17 15:00:00,268.0
2023-05-17 15:05:00,267.0
2023-05-17 15:10:00,267.0
2023-05-17 15:15:00,266.0
2023-05-17 15:20:00,266.0
2023-05-17 15:25:00,266.0
2023-05-17 15:30:00,267.0
2023-05-17 15:35:00,267.0
2023-05-17 15:40:00,268.0
2023-05-17 15:45:00,268.0
2023-05-17 15:50:00,269.0
2023-05-17 15:55:00,270.0
2023-05-17 16:00:00,271.0
2023-05-17 16:05:00,272.0
2023-05-17 16:10:00,275.0
2023-05-17 16:15:00,277.0
2023-05-17 16:20:00,279.0
2023-05-17 16:25:00,280.0
2023-05-17 16:30:00,283.0
2023-05-17 16:35:00,288.0
2023-05-17 16:40:00,291.0
2023-05-17 16:45:00,294.0
2023-05-17 16:50:00,296.0
2023-05-17 16:55:00,303.0
2023-05-17 17:00:00,305.0
2023-05-17 17:05:00,311.0
2023-05-17 17:10:00,315.0
2023-05-17 17:15:00,313.0
2023-05-17 17:20:00,326.0
2023-05-17 17:25:00,326.0
2023-05-17 17:30:00,333.0
2023-05-17 17:35:00,327.0
2023-05-17 17:40:00,346.0
2023-05-17 17:45:00,339.0
2023-05-17 17:50:00,354.0
2023-05-17 17:55:00,350.0
2023-05-17 18:00:00,362.0
2023-05-17 18:05:00,370.0
2023-05-17 18:10:00,374.0
2023-05-17 18:15:00,378.0
2023-05-17 18:20:00,395.0
2023-05-17 18:25:00,398.0
2023-05-17 18:30:00,401.0
2023-05-17 18:35:00,409.0
2023-05-17 18:40:00,409.0
2023-05-17 18:45:00,411.0
2023-05-17 18:50:00,426.0
2023-05-17 18:55:00,436.0
2023-05-17 19:00:00,424.0
2023-05-17 19:05:00,436.0
2023-05-17 19:10:00,444.0
2023-05-17 19:15:00,458.0
2023-05-17 19:20:00,449.0
2023-05-17 19:25:00,440.0
2023-05-17 19:30:00,439.0
2023-05-17 19:35:00,458.0
2023-05-17 19:40:00,471.0
2023-05-17 19:45:00,478.0
2023-05-17 19:50:00,462.0
2023-05-17 19:55:00,456.0
2023-05-17 20:00:00,479.0
2023-05-17 20:05:00,474.0
2023-05-17 20:10:00,488.0
2023-05-17 20:15:00,475.0
2023-05-17 20:20:00,469.0
2023-05-17 20:25:00,489.0
2023-05-17 20:30:00,474.0
2023-05-17 20:35:00,484.0
2023-05-17 20:40:00,470.0
2023-05-17 20:45:00,463.0
2023-05-17 20:50:00,491.0
2023-05-17 20:55:00,471.0
2023-05-17 21:00:00,443.0
2023-05-17 21:05:00,465.0
2023-05-17 21:10:00,456.0
2023-05-17 21:15:00,458.0
2023-05-17 21:20:00,443.0
2023-05-17 21:25:00,442.0
2023-05-17 21:30:00,422.0
2023-05-17 21:35:00,426.0
2023-05-17 21:40:00,419.0
2023-05-17 21:45:00,427.0
2023-05-17 21:50:00,410.0
2023-05-17 21:55:00,411.0
2023-05-17 22:00:00,409.0
2023-05-17 22:05:00,399.0
2023-05-17 22:10:00,381.0
2023-05-17 22:15:00,381.0
2023-05-17 22:20:00,378.0
2023-05-17 22:25:00,377.0
2023-05-17 22:30:00,361.0
2023-05-17 22:35:00,360.0
2023-05-17 22:40:00,360.0
2023-05-17 22:45:00,348.0
2023-05-17 22:50:00,341.0
2023-05-17 22:55:00,330.0
2023-05-17 23:00:00,323.0
2023-05-17 23:05:00,313.0
2023-05-17 23:10:00,309.0
2023-05-17 23:15:00,300.0
2023-05-17 23:20:00,294.0
2023-05-17 23:25:00,288.0
2023-05-17 23:30:00,281.0
2023-05-17 23:35:00,275.0
2023-05-17 23:40:00,268.0
2023-05-17 23:45:00,262.0
2023-05-17 23:50:00,257.0
2023-05-17 23:55:00,250.0
2023-05-18 00:00:00,248.0
2023-05-18 00:05:00,242.0
2023-05-18 00:10:00,236.0
2023-05-18 00:15:00,235.0
2023-05-18 00:20:00,230.0
2023-05-18 00:25:00,222.0
2023-05-18 00:30:00,221.0
2023-05-18 00:35:00,220.0
2023-05-18 00:40:00,216.0
2023-05-18 00:45:00,208.0
2023-05-18 00:50:00,213.0
2023-05-18 00:55:00,211.0
2023-05-18 01:00:00,214.0
2023-05-18 01:05:00,209.0
2023-05-18 01:10:00,204.0
2023-05-18 01:15:00,206.0
2023-05-18 01:20:00,206.0
2023-05-18 01:25:00,206.0
2023-05-18 01:30:00,203.0
2023-05-18 01:35:00,207.0
2023-05-18 01:40:00,211.0
2023-05-18 01:45:00,209.0
2023-05-18 01:50:00,218.0
2023-05-18 01:55:00,213.0
2023-05-18 02:00:00,217.0
2023-05-18 02:05:00,223.0
2023-05-18 02:10:00,223.0
2023-05-18 02:15:00,227.0
2023-05-18 02:20:00,227.0
2023-05-18 02:25:00,235.0
2023-05-18 02:30:00,239.0
2023-05-18 02:35:00,242.0
2023-05-18 02:40:00,245.0
2023-05-18 02:45:00,249.0
2023-05-18 02:50:00,253.0
2023-05-18 02:55:00,257.0
2023-05-18 03:00:00,262.0
2023-05-18 03:05:00,266.0
2023-05-18 03:10:00,270.0
2023-05-18 03:15:00,275.0
2023-05-18 03:20:00,278.0
2023-05-18 03:25:00,281.0
2023-05-18 03:30:00,288.0
2023-05-18 03:35:00,290.0
2023-05-18 03:40:00,297.0
2023-05-18 03:45:00,299.0
2023-05-18 03:50:00,303.0
2023-05-18 03:55:00,306.0
2023-05-18 04:00:00,310.0
2023-05-18 04:05:00,309.0
2023-05-18 04:10:00,315.0
2023-05-18 04:15:00,318.0
2023-05-18 04:20:00,322.0
2023-05-18 04:25:00,327.0
2023-05-18 04:30:00,331.0
2023-05-18 04:35:00,331.0
2023-05-18 04:40:00,336.0
2023-05-18 04:45:00,334.0
2023-05-18 04:50:00,336.0
2023-05-18 04:55:00,335.0
2023-05-18 05:00:00,336.0
2023-05-18 05:05:00,341.0
2023-05-18 05:10:00,341.0
2023-05-18 05:15:00,338.0
2023-05-18 05:20:00,336.0
2023-05-18 05:25:00,337.0
2023-05-18 05:30:00,342.0
2023-05-18 05:35:00,339.0
2023-05-18 05:40:00,335.0
2023-05-18 05:45:00,337.0
2023-05-18 05:50:00,336.0
2023-05-18 05:55:00,329.0
2023-05-18 06:00:00,330.0
2023-05-18 06:05:00,327.0
2023-05-18 06:10:00,323.0
2023-05-18 06:15:00,325.0
2023-05-18 06:20:00,318.0
2023-05-18 06:25:00,319.0
2023-05-18 06:30:00,317.0
2023-05-18 06:35:00,308.0
2023-05-18 06:40:00,307.0
2023-05-18 06:45:00,303.0
2023-05-18 06:50:00,301.0
2023-05-18 06:55:00,298.0
2023-05-18 07:00:00,292.0
2023-05-18 07:05:00,287.0
2023-05-18 07:10:00,285.0
2023-05-18 07:15:00,281.0
2023-05-18 07:20:00,279.0
2023-05-18 07:25:00,274.0
2023-05-18 07:30:00,271.0
2023-05-18 07:35:00,267.0
2023-05-18 07:40:00,263.0
2023-05-18 07:45:00,260.0
2023-05-18 07:50:00,256.0
2023-05-18 07:55:00,253.0
2023-05-18 08:00:00,249.0
2023-05-18 08:05:00,247.0
2023-05-18 08:10:00,246.0
2023-05-18 08:15:00,241.0
2023-05-18 08:20:00,239.0
2023-05-18 08:25:00,236.0
2023-05-18 08:30:00,236.0
2023-05-18 08:35:00,230.0
2023-05-18 08:40:00,229.0
2023-05-18 08:45:00,229.0
2023-05-18 08:50:00,229.0
2023-05-18 08:55:00,227.0
2023-05-18 09:00:00,227.0
2023-05-18 09:05:00,220.0
2023-05-18 09:10:00,224.0
2023-05-18 09:15:00,223.0
2023-05-18 09:20:00,219.0
2023-05-18 09:25:00,224.0
2023-05-18 09:30:00,222.0
2023-05-18 09:35:00,222.0
2023-05-18 09:40:00,225.0
2023-05-18 09:45:00,222.0
2023-05-18 09:50:00,223.0
2023-05-18 09:55:00,227.0
2023-05-18 10:00:00,224.0
2023-05-18 10:05:00,229.0
2023-05-18 10:10:00,231.0
2023-05-18 10:15:00,230.0
2023-05-18 10:20:00,233.0
2023-05-18 10:25:00,234.0
2023-05-18 10:30:00,238.0
2023-05-18 10:35:00,238.0
2023-05-18 10:40:00,239.0
2023-05-18 10:45:00,244.0
2023-05-18 10:50:00,246.0
2023-05-18 10:55:00,246.0
2023-05-18 11:00:00,251.0
2023-05-18 11:05:00,252.0
2023-05-18 11:10:00,254.0
2023-05-18 11:15:00,257.0
2023-05-18 11:20:00,258.0
2023-05-18 11:25:00,260.0
2023-05-18 11:30:00,262.0
2023-05-18 11:35:00,264.0
2023-05-18 11:40:00,267.0
2023-05-18 11:45:00,268.0
2023-05-18 11:50:00,271.0
2023-05-18 11:55:00,272.0
2023-05-18 12:00:00,274.0
2023-05-18 12:05:00,276.0
2023-05-18 12:10:00,277.0
2023-05-18 12:15:00,278.0
2023-05-18 12:20:00,280.0
2023-05-18 12:25:00,280.0
2023-05-18 12:30:00,281.0
2023-05-18 12:35:00,283.0
2023-05-18 12:40:00,284.0
2023-05-18 12:45:00,283.0
2023-05-18 12:50:00,285.0
2023-05-18 12:55:00,284.0
2023-05-18 13:00:00,285.0
2023-05-18 13:05:00,285.0
2023-05-18 13:10:00,284.0
2023-05-18 13:15:00,283.0
2023-05-18 13:20:00,284.0
2023-05-18 13:25:00,283.0
2023-05-18 13:30:00,284.0
2023-05-18 13:35:00,283.0
2023-05-18 13:40:00,282.0
2023-05-18 13:45:00,281.0
2023-05-18 13:50:00,280.0
2023-05-18 13:55:00,280.0
2023-05-18 14:00:00,279.0
2023-05-18 14:05:00,277.0
2023-05-18 14:10:00,276.0
2023-05-18 14:15:00,276.0
2023-05-18 14:20:00,274.0
2023-05-18 14:25:00,273.0
2023-05-18 14:30:00,273.0
2023-05-18 14:35:00,271.0
2023-05-18 14:40:00,271.0
2023-05-18 14:45:00,270.0
2023-05-18 14:50:00,269.0
2023-05-18 14:55:00,268.0
2023-05-18 15:00:00,268.0
2023-05-18 15:05:00,267.0
2023-05-18 15:10:00,267.0
2023-05-18 15:15:00,266.0
2023-05-18 15:20:00,266.0
2023-05-18 15:25:00,266.0
2023-05-18 15:30:00,267.0
2023-05-18 15:35:00,267.0
2023-05-18 15:40:00,268.0
2023-05-18 15:45:00,268.0
2023-05-18 15:50:00,269.0
2023-05-18 15:55:00,270.0
2023-05-18 16:00:00,272.0
2023-05-18 16:05:00,273.0
2023-05-18 16:10:00,274.0
2023-05-18 16:15:00,277.0
2023-05-18 16:20:00,278.0
2023-05-18 16:25:00,281.0
2023-05-18 16:30:00,283.0
2023-05-18 16:35:00,287.0
2023-05-18 16:40:00,289.0
2023-05-18 16:45:00,293.0
2023-05-18 16:50:00,298.0
2023-05-18 16:55:00,300.0
2023-05-18 17:00:00,306.0
2023-05-18 17:05:00,312.0
2023-05-18 17:10:00,309.0
2023-05-18 17:15:00,323.0
2023-05-18 17:20:00,333.0
2023-05-18 17:25:00,329.0
2023-05-18 17:30:00,331.0
2023-05-18 17:35:00,340.0
2023-05-18 17:40:00,348.0
2023-05-18 17:45:00,351.0
2023-05-18 17:50:00,352.0
2023-05-18 17:55:00,362.0
2023-05-18 18:00:00,376.0
2023-05-18 18:05:00,372.0
2023-05-18 18:10:00,382.0
2023-05-18 18:15:00,388.0
2023-05-18 18:20:00,387.0
2023-05-18 18:25:00,390.0
2023-05-18 18:30:00,397.0
2023-05-18 18:35:00,405.0
2023-05-18 18:40:00,408.0
2023-05-18 18:45:00,411.0
2023-05-18 18:50:00,398.0
2023-05-18 18:55:00,423.0
2023-05-18 19:00:00,428.0
2023-05-18 19:05:00,426.0
2023-05-18 19:10:00,436.0
2023-05-18 19:15:00,445.0
2023-05-18 19:20:00,440.0
2023-05-18 19:25:00,447.0
2023-05-18 19:30:00,468.0
2023-05-18 19:35:00,439.0
2023-05-18 19:40:00,453.0
2023-05-18 19:45:00,451.0
2023-05-18 19:50:00,479.0
2023-05-18 19:55:00,473.0
2023-05-18 20:00:00,458.0
2023-05-18 20:05:00,455.0
2023-05-18 20:10:00,461.0
2023-05-18 20:15:00,485.0
2023-05-18 20:20:00,479.0
2023-05-18 20:25:00,473.0
2023-05-18 20:30:00,475.0
2023-05-18 20:35:00,470.0
2023-05-18 20:40:00,472.0
2023-05-18 20:45:00,470.0
2023-05-18 20:50:00,467.0
2023-05-18 20:55:00,468.0
2023-05-18 21:00:00,456.0
2023-05-18 21:05:00,458.0
2023-05-18 21:10:00,481.0
2023-05-18 21:15:00,444.0
2023-05-18 21:20:00,447.0
2023-05-18 21:25:00,442.0
2023-05-18 21:30:00,449.0
2023-05-18 21:35:00,437.0
2023-05-18 21:40:00,445.0
2023-05-18 21:45:00,414.0
2023-05-18 21:50:00,423.0
2023-05-18 21:55:00,415.0
2023-05-18 22:00:00,409.0
2023-05-18 22:05:00,401.0
2023-05-18 22:10:00,385.0
2023-05-18 22:15:00,387.0
2023-05-18 22:20:00,372.0
2023-05-18 22:25:00,366.0
2023-05-18 22:30:00,369.0
2023-05-18 22:35:00,362.0
2023-05-18 22:40:00,350.0
2023-05-18 22:45:00,340.0
2023-05-18 22:50:00,338.0
2023-05-18 22:55:00,329.0
2023-05-18 23:00:00,321.0
2023-05-18 23:05:00,317.0
2023-05-18 23:10:00,308.0
2023-05-18 23:15:00,301.0
2023-05-18 23:20:00,293.0
2023-05-18 23:25:00,286.0
2023-05-18 23:30:00,279.0
2023-05-18 23:35:00,275.0
2023-05-18 23:40:00,268.0
2023-05-18 23:45:00,263.0
2023-05-18 23:50:00,256.0
2023-05-18 23:55:00,250.0
2023-05-19 00:00:00,243.0
2023-05-19 00:05:00,239.0
2023-05-19 00:10:00,238.0
2023-05-19 00:15:00,233.0
2023-05-19 00:20:00,230.0
2023-05-19 00:25:00,227.0
2023-05-19 00:30:00,223.0
2023-05-19 00:35:00,218.0
2023-05-19 00:40:00,217.0
2023-05-19 00:45:00,212.0
2023-05-19 00:50:00,210.0
2023-05-19 00:55:00,211.0
2023-05-19 01:00:00,209.0
2023-05-19 01:05:00,202.0
2023-05-19 01:10:00,210.0
2023-05-19 01:15:00,211.0
2023-05-19 01:20:00,206.0
2023-05-19 01:25:00,206.0
2023-05-19 01:30:00,210.0
2023-05-19 01:35:00,203.0
2023-05-19 01:40:00,209.0
2023-05-19 01:45:00,211.0
2023-05-19 01:50:00,216.0
2023-05-19 01:55:00,212.0
2023-05-19 02:00:00,216.0
2023-05-19 02:05:00,220.0
2023-05-19 02:10:00,223.0
2023-05-19 02:15:00,227.0
2023-05-19 02:20:00,230.0
2023-05-19 02:25:00,233.0
2023-05-19 02:30:00,236.0
2023-05-19 02:35:00,240.0
2023-05-19 02:40:00,242.0
2023-05-19 02:45:00,247.0
2023-05-19 02:50:00,253.0
2023-05-19 02:55:00,257.0
2023-05-19 03:00:00,262.0
2023-05-19 03:05:00,266.0
2023-05-19 03:10:00,270.0
2023-05-19 03:15:00,275.0
2023-05-19 03:20:00,278.0
2023-05-19 03:25:00,282.0
2023-05-19 03:30:00,288.0
2023-05-19 03:35:00,292.0
2023-05-19 03:40:00,296.0
2023-05-19 03:45:00,299.0
2023-05-19 03:50:00,304.0
2023-05-19 03:55:00,308.0
2023-05-19 04:00:00,311.0
2023-05-19 04:05:00,316.0
2023-05-19 04:10:00,320.0
2023-05-19 04:15:00,322.0
2023-05-19 04:20:00,328.0
2023-05-19 04:25:00,321.0
2023-05-19 04:30:00,332.0
2023-05-19 04:35:00,330.0
2023-05-19 04:40:00,334.0
2023-05-19 04:45:00,331.0
2023-05-19 04:50:00,338.0
2023-05-19 04:55:00,340.0
2023-05-19 05:00:00,329.0
2023-05-19 05:05:00,335.0
2023-05-19 05:10:00,335.0
2023-05-19 05:15:00,339.0
2023-05-19 05:20:00,339.0
2023-05-19 05:25:00,334.0
2023-05-19 05:30:00,346.0
2023-05-19 05:35:00,333.0
2023-05-19 05:40:00,333.0
2023-05-19 05:45:00,334.0
2023-05-19 05:50:00,331.0
2023-05-19 05:55:00,333.0
2023-05-19 06:00:00,333.0
2023-05-19 06:05:00,327.0
2023-05-19 06:10:00,322.0
2023-05-19 06:15:00,324.0
2023-05-19 06:20:00,319.0
2023-05-19 06:25:00,317.0
2023-05-19 06:30:00,316.0
2023-05-19 06:35:00,308.0
2023-05-19 06:40:00,306.0
2023-05-19 06:45:00,305.0
2023-05-19 06:50:00,304.0
2023-05-19 06:55:00,295.0
2023-05-19 07:00:00,293.0
2023-05-19 07:05:00,290.0
2023-05-19 07:10:00,285.0
2023-05-19 07:15:00,281.0
2023-05-19 07:20:00,277.0
2023-05-19 07:25:00,274.0
2023-05-19 07:30:00,271.0
2023-05-19 07:35:00,267.0
2023-05-19 07:40:00,264.0
2023-05-19 07:45:00,260.0
2023-05-19 07:50:00,257.0
2023-05-19 07:55:00,252.0
2023-05-19 08:00:00,250.0
2023-05-19 08:05:00,249.0
2023-05-19 08:10:00,243.0
2023-05-19 08:15:00,241.0
2023-05-19 08:20:00,238.0
2023-05-19 08:25:00,236.0
2023-05-19 08:30:00,234.0
2023-05-19 08:35:00,231.0
2023-05-19 08:40:00,229.0
2023-05-19 08:45:00,225.0
2023-05-19 08:50:00,226.0
2023-05-19 08:55:00,224.0
2023-05-19 09:00:00,227.0
2023-05-19 09:05:00,224.0
2023-05-19 09:10:00,224.0
2023-05-19 09:15:00,225.0
2023-05-19 09:20:00,222.0
2023-05-19 09:25:00,222.0
2023-05-19 09:30:00,219.0
2023-05-19 09:35:00,225.0
2023-05-19 09:40:00,220.0
2023-05-19 09:45:00,224.0
2023-05-19 09:50:00,219.0
2023-05-19 09:55:00,225.0
2023-05-19 10:00:00,227.0
2023-05-19 10:05:00,229.0
2023-05-19 10:10:00,228.0
2023-05-19 10:15:00,229.0
2023-05-19 10:20:00,231.0
2023-05-19 10:25:00,236.0
2023-05-19 10:30:00,236.0
2023-05-19 10:35:00,239.0
2023-05-19 10:40:00,241.0
2023-05-19 10:45:00,244.0
2023-05-19 10:50:00,244.0
2023-05-19 10:55:00,247.0
2023-05-19 11:00:00,248.0
2023-05-19 11:05:00,251.0
2023-05-19 11:10:00,253.0
2023-05-19 11:15:00,256.0
2023-05-19 11:20:00,258.0
2023-05-19 11:25:00,260.0
2023-05-19 11:30:00,262.0
2023-05-19 11:35:00,264.0
2023-05-19 11:40:00,267.0
2023-05-19 11:45:00,269.0
2023-05-19 11:50:00,270.0
2023-05-19 11:55:00,272.0
2023-05-19 12:00:00,274.0
2023-05-19 12:05:00,275.0
2023-05-19 12:10:00,277.0
2023-05-19 12:15:00,279.0
2023-05-19 12:20:00,280.0
2023-05-19 12:25:00,280.0
2023-05-19 12:30:00,282.0
2023-05-19 12:35:00,283.0
2023-05-19 12:40:00,283.0
2023-05-19 12:45:00,285.0
2023-05-19 12:50:00,283.0
2023-05-19 12:55:00,285.0
2023-05-19 13:00:00,283.0
2023-05-19 13:05:00,284.0
2023-05-19 13:10:00,285.0
2023-05-19 13:15:00,284.0
2023-05-19 13:20:00,283.0
2023-05-19 13:25:00,284.0
2023-05-19 13:30:00,285.0
2023-05-19 13:35:00,284.0
2023-05-19 13:40:00,282.0
2023-05-19 13:45:00,281.0
2023-05-19 13:50:00,280.0
2023-05-19 13:55:00,280.0
2023-05-19 14:00:00,279.0
2023-05-19 14:05:00,278.0
2023-05-19 14:10:00,276.0
2023-05-19 14:15:00,276.0
2023-05-19 14:20:00,274.0
2023-05-19 14:25:00,274.0
2023-05-19 14:30:00,272.0
2023-05-19 14:35:00,272.0
2023-05-19 14:40:00,271.0
2023-05-19 14:45:00,270.0
2023-05-19 14:50:00,269.0
2023-05-19 14:55:00,268.0
2023-05-19 15:00:00,268.0
2023-05-19 15:05:00,267.0
2023-05-19 15:10:00,267.0
2023-05-19 15:15:00,266.0
2023-05-19 15:20:00,266.0
2023-05-19 15:25:00,266.0
2023-05-19 15:30:00,267.0
2023-05-19 15:35:00,267.0
2023-05-19 15:40:00,267.0
2023-05-19 15:45:00,268.0
2023-05-19 15:50:00,269.0
2023-05-19 15:55:00,270.0
2023-05-19 16:00:00,272.0
2023-05-19 16:05:00,273.0
2023-05-19 16:10:00,275.0
2023-05-19 16:15:00,278.0
2023-05-19 16:20:00,280.0
2023-05-19 16:25:00,283.0
2023-05-19 16:30:00,285.0
2023-05-19 16:35:00,289.0
2023-05-19 16:40:00,288.0
2023-05-19 16:45:00,296.0
2023-05-19 16:50:00,297.0
2023-05-19 16:55:00,300.0
2023-05-19 17:00:00,308.0
2023-05-19 17:05:00,310.0
2023-05-19 17:10:00,315.0
2023-05-19 17:15:00,319.0
2023-05-19 17:20:00,319.0
2023-05-19 17:25:00,327.0
2023-05-19 17:30:00,337.0
2023-05-19 17:35:00,334.0
2023-05-19 17:40:00,345.0
2023-05-19 17:45:00,347.0
2023-05-19 17:50:00,352.0
2023-05-19 17:55:00,357.0
2023-05-19 18:00:00,366.0
2023-05-19 18:05:00,376.0
2023-05-19 18:10:00,362.0
2023-05-19 18:15:00,383.0
2023-05-19 18:20:00,383.0
2023-05-19 18:25:00,389.0
2023-05-19 18:30:00,399.0
2023-05-19 18:35:00,400.0
2023-05-19 18:40:00,419.0
2023-05-19 18:45:00,407.0
2023-05-19 18:50:00,416.0
2023-05-19 18:55:00,430.0
2023-05-19 19:00:00,429.0
2023-05-19 19:05:00,428.0
2023-05-19 19:10:00,441.0
2023-05-19 19:15:00,439.0
2023-05-19 19:20:00,449.0
2023-05-19 19:25:00,443.0
2023-05-19 19:30:00,467.0
2023-05-19 19:35:00,459.0
2023-05-19 19:40:00,455.0
2023-05-19 19:45:00,469.0
2023-05-19 19:50:00,486.0
2023-05-19 19:55:00,469.0
2023-05-19 20:00:00,460.0
2023-05-19 20:05:00,482.0
2023-05-19 20:10:00,476.0
2023-05-19 20:15:00,469.0
2023-05-19 20:20:00,467.0
2023-05-19 20:25:00,457.0
2023-05-19 20:30:00,461.0
2023-05-19 20:35:00,467.0
2023-05-19 20:40:00,449.0
2023-05-19 20:45:00,446.0
2023-05-19 20:50:00,460.0
2023-05-19 20:55:00,463.0
2023-05-19 21:00:00,460.0
2023-05-19 21:05:00,464.0
2023-05-19 21:10:00,453.0
2023-05-19 21:15:00,449.0
2023-05-19 21:20:00,445.0
2023-05-19 21:25:00,441.0
2023-05-19 21:30:00,440.0
2023-05-19 21:35:00,422.0
2023-05-19 21:40:00,421.0
2023-05-19 21:45:00,420.0
2023-05-19 21:50:00,418.0
2023-05-19 21:55:00,404.0
2023-05-19 22:00:00,403.0
2023-05-19 22:05:00,392.0
2023-05-19 22:10:00,396.0
2023-05-19 22:15:00,383.0
2023-05-19 22:20:00,379.0
2023-05-19 22:25:00,367.0
2023-05-19 22:30:00,368.0
2023-05-19 22:35:00,368.0
2023-05-19 22:40:00,359.0
2023-05-19 22:45:00,341.0
2023-05-19 22:50:00,342.0
2023-05-19 22:55:00,326.0
2023-05-19 23:00:00,320.0
2023-05-19 23:05:00,321.0
2023-05-19 23:10:00,306.0
2023-05-19 23:15:00,302.0
2023-05-19 23:20:00,294.0
2023-05-19 23:25:00,287.0
2023-05-19 23:30:00,280.0
2023-05-19 23:35:00,275.0
2023-05-19 23:40:00,268.0
2023-05-19 23:45:00,262.0
2023-05-19 23:50:00,257.0
2023-05-19 23:55:00,251.0
2023-05-20 00:00:00,245.0
